timestamp_utc,status,causal_experiment_id,task_name,environment_name,seed,robot_name,returncode,message
2026-05-21T18:41:02+00:00,started,robot_substitution:wipe:apartment:910001,wipe,apartment,910001,garmi,,
2026-05-21T18:44:01+00:00,started,robot_substitution:wipe:apartment:910001,wipe,apartment,910001,garmi,,
2026-05-21T18:48:02+00:00,started,robot_substitution:wipe:apartment:910001,wipe,apartment,910001,garmi,,
2026-05-21T18:48:33+00:00,started,robot_substitution:wipe:apartment:910001,wipe,apartment,910001,garmi,,
2026-05-21T18:51:42+00:00,started,robot_substitution:wipe:apartment:910001,wipe,apartment,910001,garmi,,
2026-05-21T18:53:47+00:00,started,robot_substitution:wipe:apartment:910001,wipe,apartment,910001,garmi,,
2026-05-21T18:56:12+00:00,started,robot_substitution:wipe:apartment:910001,wipe,apartment,910001,garmi,,
2026-05-21T19:17:42+00:00,completed,robot_substitution:wipe:apartment:910001,wipe,apartment,910001,garmi,0,
2026-05-21T19:17:42+00:00,started,robot_substitution:wipe:apartment:910002,wipe,apartment,910002,garmi,,
2026-05-21T19:39:04+00:00,completed,robot_substitution:wipe:apartment:910002,wipe,apartment,910002,garmi,0,
2026-05-21T19:39:04+00:00,started,robot_substitution:wipe:apartment:910003,wipe,apartment,910003,garmi,,
2026-05-21T19:48:42+00:00,started,robot_substitution:mix:apartment:910001,mix,apartment,910001,garmi,,
2026-05-21T19:50:51+00:00,started,robot_substitution:mix:apartment:910001,mix,apartment,910001,tiago,,
2026-05-21T19:57:00+00:00,completed,robot_substitution:mix:apartment:910001,mix,apartment,910001,tiago,0,
2026-05-21T19:57:00+00:00,started,robot_substitution:mix:apartment:910001,mix,apartment,910001,rollin_justin,,
2026-05-21T20:05:29+00:00,completed,robot_substitution:mix:apartment:910001,mix,apartment,910001,rollin_justin,0,
2026-05-21T20:05:29+00:00,started,robot_substitution:mix:apartment:910001,mix,apartment,910001,stretch,,
2026-05-21T20:09:24+00:00,failed,robot_substitution:mix:apartment:910001,mix,apartment,910001,stretch,-11,child process returned non-zero; removed_raw_rows=8
2026-05-21T20:09:24+00:00,started,robot_substitution:mix:apartment:910001,mix,apartment,910001,hsrb,,
2026-05-21T20:12:02+00:00,completed,robot_substitution:mix:apartment:910001,mix,apartment,910001,hsrb,0,
2026-05-21T20:12:02+00:00,started,robot_substitution:mix:apartment:910001,mix,apartment,910001,pr2,,
2026-05-21T20:20:06+00:00,completed,robot_substitution:mix:apartment:910001,mix,apartment,910001,pr2,0,
2026-05-21T20:20:06+00:00,started,robot_substitution:mix:apartment:910001,mix,apartment,910001,armar7,,
2026-05-21T20:36:17+00:00,completed,robot_substitution:mix:apartment:910001,mix,apartment,910001,armar7,0,
2026-05-21T20:36:17+00:00,started,robot_substitution:mix:apartment:910001,mix,apartment,910001,unitree_g1,,
2026-05-21T20:49:05+00:00,completed,robot_substitution:mix:apartment:910001,mix,apartment,910001,unitree_g1,0,
2026-05-21T20:49:05+00:00,started,robot_substitution:mix:apartment:910001,mix,apartment,910001,garmi,,
2026-05-21T21:02:25+00:00,completed,robot_substitution:mix:apartment:910001,mix,apartment,910001,garmi,0,
2026-05-21T21:02:25+00:00,started,robot_substitution:mix:apartment:910002,mix,apartment,910002,tiago,,
2026-05-21T21:10:44+00:00,completed,robot_substitution:mix:apartment:910002,mix,apartment,910002,tiago,0,
2026-05-21T21:10:44+00:00,started,robot_substitution:mix:apartment:910002,mix,apartment,910002,rollin_justin,,
2026-05-21T21:23:01+00:00,completed,robot_substitution:mix:apartment:910002,mix,apartment,910002,rollin_justin,0,
2026-05-21T21:23:01+00:00,started,robot_substitution:mix:apartment:910002,mix,apartment,910002,stretch,,
2026-05-21T21:31:47+00:00,completed,robot_substitution:mix:apartment:910002,mix,apartment,910002,stretch,0,
2026-05-21T21:31:47+00:00,started,robot_substitution:mix:apartment:910002,mix,apartment,910002,hsrb,,
2026-05-21T21:35:01+00:00,completed,robot_substitution:mix:apartment:910002,mix,apartment,910002,hsrb,0,
2026-05-21T21:35:01+00:00,started,robot_substitution:mix:apartment:910002,mix,apartment,910002,pr2,,
2026-05-21T21:38:02+00:00,failed,robot_substitution:mix:apartment:910002,mix,apartment,910002,pr2,-11,child process returned non-zero; removed_raw_rows=7
2026-05-21T21:38:02+00:00,started,robot_substitution:mix:apartment:910002,mix,apartment,910002,armar7,,
2026-05-21T21:59:42+00:00,completed,robot_substitution:mix:apartment:910002,mix,apartment,910002,armar7,0,
2026-05-21T21:59:42+00:00,started,robot_substitution:mix:apartment:910002,mix,apartment,910002,unitree_g1,,
2026-05-21T22:15:32+00:00,completed,robot_substitution:mix:apartment:910002,mix,apartment,910002,unitree_g1,0,
2026-05-21T22:15:32+00:00,started,robot_substitution:mix:apartment:910002,mix,apartment,910002,garmi,,
2026-05-21T22:32:01+00:00,completed,robot_substitution:mix:apartment:910002,mix,apartment,910002,garmi,0,
2026-05-21T22:32:01+00:00,started,robot_substitution:mix:apartment:910003,mix,apartment,910003,tiago,,
2026-05-21T22:39:38+00:00,completed,robot_substitution:mix:apartment:910003,mix,apartment,910003,tiago,0,
2026-05-21T22:39:38+00:00,started,robot_substitution:mix:apartment:910003,mix,apartment,910003,rollin_justin,,
2026-05-21T22:50:23+00:00,completed,robot_substitution:mix:apartment:910003,mix,apartment,910003,rollin_justin,0,
2026-05-21T22:50:23+00:00,started,robot_substitution:mix:apartment:910003,mix,apartment,910003,stretch,,
2026-05-21T22:58:36+00:00,completed,robot_substitution:mix:apartment:910003,mix,apartment,910003,stretch,0,
2026-05-21T22:58:36+00:00,started,robot_substitution:mix:apartment:910003,mix,apartment,910003,hsrb,,
2026-05-21T23:01:45+00:00,completed,robot_substitution:mix:apartment:910003,mix,apartment,910003,hsrb,0,
2026-05-21T23:01:45+00:00,started,robot_substitution:mix:apartment:910003,mix,apartment,910003,pr2,,
2026-05-21T23:11:57+00:00,completed,robot_substitution:mix:apartment:910003,mix,apartment,910003,pr2,0,
2026-05-21T23:11:57+00:00,started,robot_substitution:mix:apartment:910003,mix,apartment,910003,armar7,,
2026-05-21T23:27:57+00:00,completed,robot_substitution:mix:apartment:910003,mix,apartment,910003,armar7,0,
2026-05-21T23:27:57+00:00,started,robot_substitution:mix:apartment:910003,mix,apartment,910003,unitree_g1,,
2026-05-21T23:41:49+00:00,completed,robot_substitution:mix:apartment:910003,mix,apartment,910003,unitree_g1,0,
2026-05-21T23:41:49+00:00,started,robot_substitution:mix:apartment:910003,mix,apartment,910003,garmi,,
2026-05-21T23:57:40+00:00,completed,robot_substitution:mix:apartment:910003,mix,apartment,910003,garmi,0,
2026-05-21T23:57:40+00:00,started,robot_substitution:mix:apartment:910004,mix,apartment,910004,tiago,,
2026-05-22T00:00:42+00:00,failed,robot_substitution:mix:apartment:910004,mix,apartment,910004,tiago,-11,child process returned non-zero; removed_raw_rows=9
2026-05-22T00:00:42+00:00,started,robot_substitution:mix:apartment:910004,mix,apartment,910004,rollin_justin,,
2026-05-22T00:07:50+00:00,completed,robot_substitution:mix:apartment:910004,mix,apartment,910004,rollin_justin,0,
2026-05-22T00:07:50+00:00,started,robot_substitution:mix:apartment:910004,mix,apartment,910004,stretch,,
2026-05-22T00:13:10+00:00,completed,robot_substitution:mix:apartment:910004,mix,apartment,910004,stretch,0,
2026-05-22T00:13:10+00:00,started,robot_substitution:mix:apartment:910004,mix,apartment,910004,hsrb,,
2026-05-22T00:15:09+00:00,completed,robot_substitution:mix:apartment:910004,mix,apartment,910004,hsrb,0,
2026-05-22T00:15:09+00:00,started,robot_substitution:mix:apartment:910004,mix,apartment,910004,pr2,,
2026-05-22T00:21:01+00:00,completed,robot_substitution:mix:apartment:910004,mix,apartment,910004,pr2,0,
2026-05-22T00:21:01+00:00,started,robot_substitution:mix:apartment:910004,mix,apartment,910004,armar7,,
2026-05-22T00:36:17+00:00,completed,robot_substitution:mix:apartment:910004,mix,apartment,910004,armar7,0,
2026-05-22T00:36:17+00:00,started,robot_substitution:mix:apartment:910004,mix,apartment,910004,unitree_g1,,
2026-05-22T00:48:42+00:00,completed,robot_substitution:mix:apartment:910004,mix,apartment,910004,unitree_g1,0,
2026-05-22T00:48:42+00:00,started,robot_substitution:mix:apartment:910004,mix,apartment,910004,garmi,,
2026-05-22T00:55:21+00:00,completed,robot_substitution:mix:apartment:910004,mix,apartment,910004,garmi,0,
2026-05-22T00:55:21+00:00,started,robot_substitution:mix:apartment:910005,mix,apartment,910005,tiago,,
2026-05-22T01:00:46+00:00,completed,robot_substitution:mix:apartment:910005,mix,apartment,910005,tiago,0,
2026-05-22T01:00:46+00:00,started,robot_substitution:mix:apartment:910005,mix,apartment,910005,rollin_justin,,
2026-05-22T01:11:24+00:00,completed,robot_substitution:mix:apartment:910005,mix,apartment,910005,rollin_justin,0,
2026-05-22T01:11:24+00:00,started,robot_substitution:mix:apartment:910005,mix,apartment,910005,stretch,,
2026-05-22T01:17:46+00:00,completed,robot_substitution:mix:apartment:910005,mix,apartment,910005,stretch,0,
2026-05-22T01:17:46+00:00,started,robot_substitution:mix:apartment:910005,mix,apartment,910005,hsrb,,
2026-05-22T01:20:05+00:00,completed,robot_substitution:mix:apartment:910005,mix,apartment,910005,hsrb,0,
2026-05-22T01:20:05+00:00,started,robot_substitution:mix:apartment:910005,mix,apartment,910005,pr2,,
2026-05-22T01:27:21+00:00,completed,robot_substitution:mix:apartment:910005,mix,apartment,910005,pr2,0,
2026-05-22T01:27:21+00:00,started,robot_substitution:mix:apartment:910005,mix,apartment,910005,armar7,,
2026-05-22T01:45:14+00:00,completed,robot_substitution:mix:apartment:910005,mix,apartment,910005,armar7,0,
2026-05-22T01:45:14+00:00,started,robot_substitution:mix:apartment:910005,mix,apartment,910005,unitree_g1,,
2026-05-22T02:03:28+00:00,completed,robot_substitution:mix:apartment:910005,mix,apartment,910005,unitree_g1,0,
2026-05-22T02:03:28+00:00,started,robot_substitution:mix:apartment:910005,mix,apartment,910005,garmi,,
2026-05-22T02:13:35+00:00,completed,robot_substitution:mix:apartment:910005,mix,apartment,910005,garmi,0,
2026-05-22T02:13:35+00:00,started,robot_substitution:mix:isr:910001,mix,isr,910001,tiago,,
2026-05-22T02:18:43+00:00,completed,robot_substitution:mix:isr:910001,mix,isr,910001,tiago,0,
2026-05-22T02:18:43+00:00,started,robot_substitution:mix:isr:910001,mix,isr,910001,rollin_justin,,
2026-05-22T02:24:21+00:00,completed,robot_substitution:mix:isr:910001,mix,isr,910001,rollin_justin,0,
2026-05-22T02:24:21+00:00,started,robot_substitution:mix:isr:910001,mix,isr,910001,stretch,,
2026-05-22T02:28:21+00:00,completed,robot_substitution:mix:isr:910001,mix,isr,910001,stretch,0,
2026-05-22T02:28:21+00:00,started,robot_substitution:mix:isr:910001,mix,isr,910001,hsrb,,
2026-05-22T02:30:20+00:00,completed,robot_substitution:mix:isr:910001,mix,isr,910001,hsrb,0,
2026-05-22T02:30:20+00:00,started,robot_substitution:mix:isr:910001,mix,isr,910001,pr2,,
2026-05-22T02:37:52+00:00,completed,robot_substitution:mix:isr:910001,mix,isr,910001,pr2,0,
2026-05-22T02:37:52+00:00,started,robot_substitution:mix:isr:910001,mix,isr,910001,armar7,,
2026-05-22T02:49:48+00:00,completed,robot_substitution:mix:isr:910001,mix,isr,910001,armar7,0,
2026-05-22T02:49:48+00:00,started,robot_substitution:mix:isr:910001,mix,isr,910001,unitree_g1,,
2026-05-22T02:56:04+00:00,completed,robot_substitution:mix:isr:910001,mix,isr,910001,unitree_g1,0,
2026-05-22T02:56:04+00:00,started,robot_substitution:mix:isr:910001,mix,isr,910001,garmi,,
2026-05-22T03:03:01+00:00,completed,robot_substitution:mix:isr:910001,mix,isr,910001,garmi,0,
2026-05-22T03:03:01+00:00,started,robot_substitution:mix:isr:910002,mix,isr,910002,tiago,,
2026-05-22T03:06:51+00:00,completed,robot_substitution:mix:isr:910002,mix,isr,910002,tiago,0,
2026-05-22T03:06:51+00:00,started,robot_substitution:mix:isr:910002,mix,isr,910002,rollin_justin,,
2026-05-22T03:11:05+00:00,completed,robot_substitution:mix:isr:910002,mix,isr,910002,rollin_justin,0,
2026-05-22T03:11:05+00:00,started,robot_substitution:mix:isr:910002,mix,isr,910002,stretch,,
2026-05-22T03:14:23+00:00,completed,robot_substitution:mix:isr:910002,mix,isr,910002,stretch,0,
2026-05-22T03:14:23+00:00,started,robot_substitution:mix:isr:910002,mix,isr,910002,hsrb,,
2026-05-22T03:15:52+00:00,completed,robot_substitution:mix:isr:910002,mix,isr,910002,hsrb,0,
2026-05-22T03:15:52+00:00,started,robot_substitution:mix:isr:910002,mix,isr,910002,pr2,,
2026-05-22T03:21:13+00:00,completed,robot_substitution:mix:isr:910002,mix,isr,910002,pr2,0,
2026-05-22T03:21:13+00:00,started,robot_substitution:mix:isr:910002,mix,isr,910002,armar7,,
2026-05-22T03:31:20+00:00,completed,robot_substitution:mix:isr:910002,mix,isr,910002,armar7,0,
2026-05-22T03:31:20+00:00,started,robot_substitution:mix:isr:910002,mix,isr,910002,unitree_g1,,
2026-05-22T03:36:17+00:00,completed,robot_substitution:mix:isr:910002,mix,isr,910002,unitree_g1,0,
2026-05-22T03:36:17+00:00,started,robot_substitution:mix:isr:910002,mix,isr,910002,garmi,,
2026-05-22T03:43:11+00:00,completed,robot_substitution:mix:isr:910002,mix,isr,910002,garmi,0,
2026-05-22T03:43:11+00:00,started,robot_substitution:mix:isr:910003,mix,isr,910003,tiago,,
2026-05-22T03:46:20+00:00,completed,robot_substitution:mix:isr:910003,mix,isr,910003,tiago,0,
2026-05-22T03:46:20+00:00,started,robot_substitution:mix:isr:910003,mix,isr,910003,rollin_justin,,
2026-05-22T03:49:37+00:00,completed,robot_substitution:mix:isr:910003,mix,isr,910003,rollin_justin,0,
2026-05-22T03:49:37+00:00,started,robot_substitution:mix:isr:910003,mix,isr,910003,stretch,,
2026-05-22T03:52:07+00:00,completed,robot_substitution:mix:isr:910003,mix,isr,910003,stretch,0,
2026-05-22T03:52:07+00:00,started,robot_substitution:mix:isr:910003,mix,isr,910003,hsrb,,
2026-05-22T03:53:19+00:00,completed,robot_substitution:mix:isr:910003,mix,isr,910003,hsrb,0,
2026-05-22T03:53:19+00:00,started,robot_substitution:mix:isr:910003,mix,isr,910003,pr2,,
2026-05-22T03:57:56+00:00,completed,robot_substitution:mix:isr:910003,mix,isr,910003,pr2,0,
2026-05-22T03:57:56+00:00,started,robot_substitution:mix:isr:910003,mix,isr,910003,armar7,,
2026-05-22T04:04:04+00:00,completed,robot_substitution:mix:isr:910003,mix,isr,910003,armar7,0,
2026-05-22T04:04:04+00:00,started,robot_substitution:mix:isr:910003,mix,isr,910003,unitree_g1,,
2026-05-22T04:08:01+00:00,completed,robot_substitution:mix:isr:910003,mix,isr,910003,unitree_g1,0,
2026-05-22T04:08:01+00:00,started,robot_substitution:mix:isr:910003,mix,isr,910003,garmi,,
2026-05-22T04:12:56+00:00,completed,robot_substitution:mix:isr:910003,mix,isr,910003,garmi,0,
2026-05-22T04:12:56+00:00,started,robot_substitution:mix:isr:910004,mix,isr,910004,tiago,,
2026-05-22T04:15:57+00:00,failed,robot_substitution:mix:isr:910004,mix,isr,910004,tiago,-11,child process returned non-zero; removed_raw_rows=13
2026-05-22T04:15:57+00:00,started,robot_substitution:mix:isr:910004,mix,isr,910004,rollin_justin,,
2026-05-22T04:22:10+00:00,completed,robot_substitution:mix:isr:910004,mix,isr,910004,rollin_justin,0,
2026-05-22T04:22:10+00:00,started,robot_substitution:mix:isr:910004,mix,isr,910004,stretch,,
2026-05-22T04:25:43+00:00,completed,robot_substitution:mix:isr:910004,mix,isr,910004,stretch,0,
2026-05-22T04:25:43+00:00,started,robot_substitution:mix:isr:910004,mix,isr,910004,hsrb,,
2026-05-22T04:27:29+00:00,completed,robot_substitution:mix:isr:910004,mix,isr,910004,hsrb,0,
2026-05-22T04:27:29+00:00,started,robot_substitution:mix:isr:910004,mix,isr,910004,pr2,,
2026-05-22T04:30:30+00:00,failed,robot_substitution:mix:isr:910004,mix,isr,910004,pr2,-11,child process returned non-zero; removed_raw_rows=7
2026-05-22T04:30:30+00:00,started,robot_substitution:mix:isr:910004,mix,isr,910004,armar7,,
2026-05-22T04:33:31+00:00,failed,robot_substitution:mix:isr:910004,mix,isr,910004,armar7,-11,child process returned non-zero; removed_raw_rows=6
2026-05-22T04:33:31+00:00,started,robot_substitution:mix:isr:910004,mix,isr,910004,unitree_g1,,
2026-05-22T04:38:56+00:00,completed,robot_substitution:mix:isr:910004,mix,isr,910004,unitree_g1,0,
2026-05-22T04:38:56+00:00,started,robot_substitution:mix:isr:910004,mix,isr,910004,garmi,,
2026-05-22T04:46:07+00:00,completed,robot_substitution:mix:isr:910004,mix,isr,910004,garmi,0,
2026-05-22T04:46:07+00:00,started,robot_substitution:mix:isr:910005,mix,isr,910005,tiago,,
2026-05-22T04:49:08+00:00,completed,robot_substitution:mix:isr:910005,mix,isr,910005,tiago,0,
2026-05-22T04:49:08+00:00,started,robot_substitution:mix:isr:910005,mix,isr,910005,rollin_justin,,
2026-05-22T04:52:17+00:00,completed,robot_substitution:mix:isr:910005,mix,isr,910005,rollin_justin,0,
2026-05-22T04:52:17+00:00,started,robot_substitution:mix:isr:910005,mix,isr,910005,stretch,,
2026-05-22T04:54:29+00:00,completed,robot_substitution:mix:isr:910005,mix,isr,910005,stretch,0,
2026-05-22T04:54:29+00:00,started,robot_substitution:mix:isr:910005,mix,isr,910005,hsrb,,
2026-05-22T04:55:34+00:00,completed,robot_substitution:mix:isr:910005,mix,isr,910005,hsrb,0,
2026-05-22T04:55:34+00:00,started,robot_substitution:mix:isr:910005,mix,isr,910005,pr2,,
2026-05-22T04:59:50+00:00,completed,robot_substitution:mix:isr:910005,mix,isr,910005,pr2,0,
2026-05-22T04:59:50+00:00,started,robot_substitution:mix:isr:910005,mix,isr,910005,armar7,,
2026-05-22T05:06:15+00:00,completed,robot_substitution:mix:isr:910005,mix,isr,910005,armar7,0,
2026-05-22T05:06:15+00:00,started,robot_substitution:mix:isr:910005,mix,isr,910005,unitree_g1,,
2026-05-22T05:09:16+00:00,failed,robot_substitution:mix:isr:910005,mix,isr,910005,unitree_g1,-11,child process returned non-zero; removed_raw_rows=10
2026-05-22T05:09:17+00:00,started,robot_substitution:mix:isr:910005,mix,isr,910005,garmi,,
2026-05-22T05:13:30+00:00,completed,robot_substitution:mix:isr:910005,mix,isr,910005,garmi,0,
2026-05-22T05:13:30+00:00,started,robot_substitution:mix:kitchen:910001,mix,kitchen,910001,tiago,,
2026-05-22T05:16:48+00:00,completed,robot_substitution:mix:kitchen:910001,mix,kitchen,910001,tiago,0,
2026-05-22T05:16:48+00:00,started,robot_substitution:mix:kitchen:910001,mix,kitchen,910001,rollin_justin,,
2026-05-22T05:21:39+00:00,completed,robot_substitution:mix:kitchen:910001,mix,kitchen,910001,rollin_justin,0,
2026-05-22T05:21:39+00:00,started,robot_substitution:mix:kitchen:910001,mix,kitchen,910001,stretch,,
2026-05-22T05:24:21+00:00,completed,robot_substitution:mix:kitchen:910001,mix,kitchen,910001,stretch,0,
2026-05-22T05:24:21+00:00,started,robot_substitution:mix:kitchen:910001,mix,kitchen,910001,hsrb,,
2026-05-22T05:25:49+00:00,completed,robot_substitution:mix:kitchen:910001,mix,kitchen,910001,hsrb,0,
2026-05-22T05:25:49+00:00,started,robot_substitution:mix:kitchen:910001,mix,kitchen,910001,pr2,,
2026-05-22T05:29:36+00:00,completed,robot_substitution:mix:kitchen:910001,mix,kitchen,910001,pr2,0,
2026-05-22T05:29:36+00:00,started,robot_substitution:mix:kitchen:910001,mix,kitchen,910001,armar7,,
2026-05-22T05:36:42+00:00,completed,robot_substitution:mix:kitchen:910001,mix,kitchen,910001,armar7,0,
2026-05-22T05:36:42+00:00,started,robot_substitution:mix:kitchen:910001,mix,kitchen,910001,unitree_g1,,
2026-05-22T05:40:22+00:00,completed,robot_substitution:mix:kitchen:910001,mix,kitchen,910001,unitree_g1,0,
2026-05-22T05:40:22+00:00,started,robot_substitution:mix:kitchen:910001,mix,kitchen,910001,garmi,,
2026-05-22T05:44:54+00:00,completed,robot_substitution:mix:kitchen:910001,mix,kitchen,910001,garmi,0,
2026-05-22T05:44:54+00:00,started,robot_substitution:mix:kitchen:910002,mix,kitchen,910002,tiago,,
2026-05-22T05:48:18+00:00,completed,robot_substitution:mix:kitchen:910002,mix,kitchen,910002,tiago,0,
2026-05-22T05:48:18+00:00,started,robot_substitution:mix:kitchen:910002,mix,kitchen,910002,rollin_justin,,
2026-05-22T05:51:25+00:00,completed,robot_substitution:mix:kitchen:910002,mix,kitchen,910002,rollin_justin,0,
2026-05-22T05:51:25+00:00,started,robot_substitution:mix:kitchen:910002,mix,kitchen,910002,stretch,,
2026-05-22T05:53:46+00:00,completed,robot_substitution:mix:kitchen:910002,mix,kitchen,910002,stretch,0,
2026-05-22T05:53:46+00:00,started,robot_substitution:mix:kitchen:910002,mix,kitchen,910002,hsrb,,
2026-05-22T05:55:00+00:00,completed,robot_substitution:mix:kitchen:910002,mix,kitchen,910002,hsrb,0,
2026-05-22T05:55:00+00:00,started,robot_substitution:mix:kitchen:910002,mix,kitchen,910002,pr2,,
2026-05-22T05:57:42+00:00,completed,robot_substitution:mix:kitchen:910002,mix,kitchen,910002,pr2,0,
2026-05-22T05:57:42+00:00,started,robot_substitution:mix:kitchen:910002,mix,kitchen,910002,armar7,,
2026-05-22T06:03:18+00:00,completed,robot_substitution:mix:kitchen:910002,mix,kitchen,910002,armar7,0,
2026-05-22T06:03:18+00:00,started,robot_substitution:mix:kitchen:910002,mix,kitchen,910002,unitree_g1,,
2026-05-22T06:06:36+00:00,completed,robot_substitution:mix:kitchen:910002,mix,kitchen,910002,unitree_g1,0,
2026-05-22T06:06:36+00:00,started,robot_substitution:mix:kitchen:910002,mix,kitchen,910002,garmi,,
2026-05-22T06:11:07+00:00,completed,robot_substitution:mix:kitchen:910002,mix,kitchen,910002,garmi,0,
2026-05-22T06:11:07+00:00,started,robot_substitution:mix:kitchen:910003,mix,kitchen,910003,tiago,,
2026-05-22T06:14:25+00:00,completed,robot_substitution:mix:kitchen:910003,mix,kitchen,910003,tiago,0,
2026-05-22T06:14:25+00:00,started,robot_substitution:mix:kitchen:910003,mix,kitchen,910003,rollin_justin,,
2026-05-22T06:17:43+00:00,completed,robot_substitution:mix:kitchen:910003,mix,kitchen,910003,rollin_justin,0,
2026-05-22T06:17:43+00:00,started,robot_substitution:mix:kitchen:910003,mix,kitchen,910003,stretch,,
2026-05-22T06:20:36+00:00,completed,robot_substitution:mix:kitchen:910003,mix,kitchen,910003,stretch,0,
2026-05-22T06:20:36+00:00,started,robot_substitution:mix:kitchen:910003,mix,kitchen,910003,hsrb,,
2026-05-22T06:21:56+00:00,completed,robot_substitution:mix:kitchen:910003,mix,kitchen,910003,hsrb,0,
2026-05-22T06:21:56+00:00,started,robot_substitution:mix:kitchen:910003,mix,kitchen,910003,pr2,,
2026-05-22T06:25:08+00:00,completed,robot_substitution:mix:kitchen:910003,mix,kitchen,910003,pr2,0,
2026-05-22T06:25:08+00:00,started,robot_substitution:mix:kitchen:910003,mix,kitchen,910003,armar7,,
2026-05-22T06:31:46+00:00,completed,robot_substitution:mix:kitchen:910003,mix,kitchen,910003,armar7,0,
2026-05-22T06:31:46+00:00,started,robot_substitution:mix:kitchen:910003,mix,kitchen,910003,unitree_g1,,
2026-05-22T06:35:12+00:00,completed,robot_substitution:mix:kitchen:910003,mix,kitchen,910003,unitree_g1,0,
2026-05-22T06:35:12+00:00,started,robot_substitution:mix:kitchen:910003,mix,kitchen,910003,garmi,,
2026-05-22T06:39:46+00:00,completed,robot_substitution:mix:kitchen:910003,mix,kitchen,910003,garmi,0,
2026-05-22T06:39:46+00:00,started,robot_substitution:mix:kitchen:910004,mix,kitchen,910004,tiago,,
2026-05-22T06:42:54+00:00,completed,robot_substitution:mix:kitchen:910004,mix,kitchen,910004,tiago,0,
2026-05-22T06:42:54+00:00,started,robot_substitution:mix:kitchen:910004,mix,kitchen,910004,rollin_justin,,
2026-05-22T06:45:27+00:00,completed,robot_substitution:mix:kitchen:910004,mix,kitchen,910004,rollin_justin,0,
2026-05-22T06:45:27+00:00,started,robot_substitution:mix:kitchen:910004,mix,kitchen,910004,stretch,,
2026-05-22T06:47:50+00:00,completed,robot_substitution:mix:kitchen:910004,mix,kitchen,910004,stretch,0,
2026-05-22T06:47:50+00:00,started,robot_substitution:mix:kitchen:910004,mix,kitchen,910004,hsrb,,
2026-05-22T06:48:51+00:00,completed,robot_substitution:mix:kitchen:910004,mix,kitchen,910004,hsrb,0,
2026-05-22T06:48:51+00:00,started,robot_substitution:mix:kitchen:910004,mix,kitchen,910004,pr2,,
2026-05-22T06:51:34+00:00,completed,robot_substitution:mix:kitchen:910004,mix,kitchen,910004,pr2,0,
2026-05-22T06:51:34+00:00,started,robot_substitution:mix:kitchen:910004,mix,kitchen,910004,armar7,,
2026-05-22T06:56:32+00:00,completed,robot_substitution:mix:kitchen:910004,mix,kitchen,910004,armar7,0,
2026-05-22T06:56:32+00:00,started,robot_substitution:mix:kitchen:910004,mix,kitchen,910004,unitree_g1,,
2026-05-22T06:59:16+00:00,completed,robot_substitution:mix:kitchen:910004,mix,kitchen,910004,unitree_g1,0,
2026-05-22T06:59:16+00:00,started,robot_substitution:mix:kitchen:910004,mix,kitchen,910004,garmi,,
2026-05-22T07:02:39+00:00,completed,robot_substitution:mix:kitchen:910004,mix,kitchen,910004,garmi,0,
2026-05-22T07:02:39+00:00,started,robot_substitution:mix:kitchen:910005,mix,kitchen,910005,tiago,,
2026-05-22T07:04:58+00:00,started,robot_substitution:mix:apartment:910001,mix,apartment,910001,stretch,,
2026-05-22T07:06:11+00:00,started,robot_substitution:mix:apartment:910002,mix,apartment,910002,pr2,,
2026-05-22T07:09:13+00:00,failed,robot_substitution:mix:apartment:910002,mix,apartment,910002,pr2,-11,child process returned non-zero; removed_raw_rows=6
2026-05-22T07:09:13+00:00,started,robot_substitution:mix:apartment:910004,mix,apartment,910004,tiago,,
2026-05-22T07:13:57+00:00,completed,robot_substitution:mix:apartment:910004,mix,apartment,910004,tiago,0,
2026-05-22T07:13:57+00:00,started,robot_substitution:mix:isr:910004,mix,isr,910004,tiago,,
2026-05-22T07:18:15+00:00,completed,robot_substitution:mix:isr:910004,mix,isr,910004,tiago,0,
2026-05-22T07:18:15+00:00,started,robot_substitution:mix:isr:910004,mix,isr,910004,pr2,,
2026-05-22T07:26:10+00:00,completed,robot_substitution:mix:isr:910004,mix,isr,910004,pr2,0,
2026-05-22T07:26:10+00:00,started,robot_substitution:mix:isr:910004,mix,isr,910004,armar7,,
2026-05-22T07:36:37+00:00,completed,robot_substitution:mix:isr:910004,mix,isr,910004,armar7,0,
2026-05-22T07:36:37+00:00,started,robot_substitution:mix:isr:910005,mix,isr,910005,unitree_g1,,
2026-05-22T07:40:35+00:00,completed,robot_substitution:mix:isr:910005,mix,isr,910005,unitree_g1,0,
2026-05-22T07:40:35+00:00,started,robot_substitution:mix:kitchen:910005,mix,kitchen,910005,tiago,,
2026-05-22T07:43:26+00:00,completed,robot_substitution:mix:kitchen:910005,mix,kitchen,910005,tiago,0,
2026-05-22T07:43:26+00:00,started,robot_substitution:mix:kitchen:910005,mix,kitchen,910005,rollin_justin,,
2026-05-22T07:45:56+00:00,completed,robot_substitution:mix:kitchen:910005,mix,kitchen,910005,rollin_justin,0,
2026-05-22T07:45:56+00:00,started,robot_substitution:mix:kitchen:910005,mix,kitchen,910005,hsrb,,
2026-05-22T07:46:59+00:00,completed,robot_substitution:mix:kitchen:910005,mix,kitchen,910005,hsrb,0,
2026-05-22T07:46:59+00:00,started,robot_substitution:mix:kitchen:910005,mix,kitchen,910005,pr2,,
2026-05-22T07:49:39+00:00,completed,robot_substitution:mix:kitchen:910005,mix,kitchen,910005,pr2,0,
2026-05-22T07:49:39+00:00,started,robot_substitution:mix:kitchen:910005,mix,kitchen,910005,armar7,,
2026-05-22T07:53:35+00:00,completed,robot_substitution:mix:kitchen:910005,mix,kitchen,910005,armar7,0,
2026-05-22T07:53:35+00:00,started,robot_substitution:mix:kitchen:910005,mix,kitchen,910005,unitree_g1,,
2026-05-22T07:56:27+00:00,completed,robot_substitution:mix:kitchen:910005,mix,kitchen,910005,unitree_g1,0,
2026-05-22T07:56:27+00:00,started,robot_substitution:mix:kitchen:910005,mix,kitchen,910005,garmi,,
2026-05-22T07:59:44+00:00,completed,robot_substitution:mix:kitchen:910005,mix,kitchen,910005,garmi,0,
2026-05-22T07:59:44+00:00,started,robot_substitution:cut:apartment:910001,cut,apartment,910001,tiago,,
2026-05-22T08:09:20+00:00,completed,robot_substitution:cut:apartment:910001,cut,apartment,910001,tiago,0,
2026-05-22T08:09:20+00:00,started,robot_substitution:cut:apartment:910001,cut,apartment,910001,rollin_justin,,
2026-05-22T08:24:18+00:00,completed,robot_substitution:cut:apartment:910001,cut,apartment,910001,rollin_justin,0,
2026-05-22T08:24:18+00:00,started,robot_substitution:cut:apartment:910001,cut,apartment,910001,hsrb,,
2026-05-22T08:26:56+00:00,completed,robot_substitution:cut:apartment:910001,cut,apartment,910001,hsrb,0,
2026-05-22T08:26:56+00:00,started,robot_substitution:cut:apartment:910001,cut,apartment,910001,pr2,,
2026-05-22T08:39:08+00:00,completed,robot_substitution:cut:apartment:910001,cut,apartment,910001,pr2,0,
2026-05-22T08:39:08+00:00,started,robot_substitution:cut:apartment:910001,cut,apartment,910001,armar7,,
2026-05-22T08:49:37+00:00,completed,robot_substitution:cut:apartment:910001,cut,apartment,910001,armar7,0,
2026-05-22T08:49:37+00:00,started,robot_substitution:cut:apartment:910001,cut,apartment,910001,unitree_g1,,
2026-05-22T09:02:41+00:00,completed,robot_substitution:cut:apartment:910001,cut,apartment,910001,unitree_g1,0,
2026-05-22T09:02:41+00:00,started,robot_substitution:cut:apartment:910001,cut,apartment,910001,garmi,,
2026-05-22T09:22:58+00:00,completed,robot_substitution:cut:apartment:910001,cut,apartment,910001,garmi,0,
2026-05-22T09:22:58+00:00,started,robot_substitution:cut:apartment:910002,cut,apartment,910002,tiago,,
2026-05-22T09:31:53+00:00,completed,robot_substitution:cut:apartment:910002,cut,apartment,910002,tiago,0,
2026-05-22T09:31:53+00:00,started,robot_substitution:cut:apartment:910002,cut,apartment,910002,rollin_justin,,
2026-05-22T09:47:58+00:00,completed,robot_substitution:cut:apartment:910002,cut,apartment,910002,rollin_justin,0,
2026-05-22T09:47:58+00:00,started,robot_substitution:cut:apartment:910002,cut,apartment,910002,hsrb,,
2026-05-22T09:50:44+00:00,completed,robot_substitution:cut:apartment:910002,cut,apartment,910002,hsrb,0,
2026-05-22T09:50:44+00:00,started,robot_substitution:cut:apartment:910002,cut,apartment,910002,pr2,,
2026-05-22T09:59:01+00:00,completed,robot_substitution:cut:apartment:910002,cut,apartment,910002,pr2,0,
2026-05-22T09:59:01+00:00,started,robot_substitution:cut:apartment:910002,cut,apartment,910002,armar7,,
2026-05-22T10:02:03+00:00,failed,robot_substitution:cut:apartment:910002,cut,apartment,910002,armar7,-11,child process returned non-zero; removed_raw_rows=1
2026-05-22T10:02:03+00:00,started,robot_substitution:cut:apartment:910002,cut,apartment,910002,unitree_g1,,
2026-05-22T10:16:16+00:00,completed,robot_substitution:cut:apartment:910002,cut,apartment,910002,unitree_g1,0,
2026-05-22T10:16:16+00:00,started,robot_substitution:cut:apartment:910002,cut,apartment,910002,garmi,,
2026-05-22T10:28:37+00:00,completed,robot_substitution:cut:apartment:910002,cut,apartment,910002,garmi,0,
2026-05-22T10:28:37+00:00,started,robot_substitution:cut:apartment:910003,cut,apartment,910003,tiago,,
2026-05-22T10:36:53+00:00,completed,robot_substitution:cut:apartment:910003,cut,apartment,910003,tiago,0,
2026-05-22T10:36:53+00:00,started,robot_substitution:cut:apartment:910003,cut,apartment,910003,rollin_justin,,
2026-05-22T10:47:18+00:00,completed,robot_substitution:cut:apartment:910003,cut,apartment,910003,rollin_justin,0,
2026-05-22T10:47:18+00:00,started,robot_substitution:cut:apartment:910003,cut,apartment,910003,hsrb,,
2026-05-22T10:50:11+00:00,completed,robot_substitution:cut:apartment:910003,cut,apartment,910003,hsrb,0,
2026-05-22T10:50:11+00:00,started,robot_substitution:cut:apartment:910003,cut,apartment,910003,pr2,,
2026-05-22T10:58:10+00:00,completed,robot_substitution:cut:apartment:910003,cut,apartment,910003,pr2,0,
2026-05-22T10:58:10+00:00,started,robot_substitution:cut:apartment:910003,cut,apartment,910003,armar7,,
2026-05-22T11:08:10+00:00,completed,robot_substitution:cut:apartment:910003,cut,apartment,910003,armar7,0,
2026-05-22T11:08:10+00:00,started,robot_substitution:cut:apartment:910003,cut,apartment,910003,unitree_g1,,
2026-05-22T11:24:33+00:00,completed,robot_substitution:cut:apartment:910003,cut,apartment,910003,unitree_g1,0,
2026-05-22T11:24:33+00:00,started,robot_substitution:cut:apartment:910003,cut,apartment,910003,garmi,,
2026-05-22T11:38:28+00:00,completed,robot_substitution:cut:apartment:910003,cut,apartment,910003,garmi,0,
2026-05-22T11:38:28+00:00,started,robot_substitution:cut:apartment:910004,cut,apartment,910004,tiago,,
2026-05-22T11:45:12+00:00,completed,robot_substitution:cut:apartment:910004,cut,apartment,910004,tiago,0,
2026-05-22T11:45:12+00:00,started,robot_substitution:cut:apartment:910004,cut,apartment,910004,rollin_justin,,
2026-05-22T11:52:52+00:00,completed,robot_substitution:cut:apartment:910004,cut,apartment,910004,rollin_justin,0,
2026-05-22T11:52:52+00:00,started,robot_substitution:cut:apartment:910004,cut,apartment,910004,hsrb,,
2026-05-22T11:54:58+00:00,completed,robot_substitution:cut:apartment:910004,cut,apartment,910004,hsrb,0,
2026-05-22T11:54:58+00:00,started,robot_substitution:cut:apartment:910004,cut,apartment,910004,pr2,,
2026-05-22T12:02:16+00:00,completed,robot_substitution:cut:apartment:910004,cut,apartment,910004,pr2,0,
2026-05-22T12:02:16+00:00,started,robot_substitution:cut:apartment:910004,cut,apartment,910004,armar7,,
2026-05-22T12:10:15+00:00,completed,robot_substitution:cut:apartment:910004,cut,apartment,910004,armar7,0,
2026-05-22T12:10:15+00:00,started,robot_substitution:cut:apartment:910004,cut,apartment,910004,unitree_g1,,
2026-05-22T12:22:31+00:00,completed,robot_substitution:cut:apartment:910004,cut,apartment,910004,unitree_g1,0,
2026-05-22T12:22:31+00:00,started,robot_substitution:cut:apartment:910004,cut,apartment,910004,garmi,,
2026-05-22T12:35:12+00:00,completed,robot_substitution:cut:apartment:910004,cut,apartment,910004,garmi,0,
2026-05-22T12:35:12+00:00,started,robot_substitution:cut:apartment:910005,cut,apartment,910005,tiago,,
2026-05-22T12:40:20+00:00,completed,robot_substitution:cut:apartment:910005,cut,apartment,910005,tiago,0,
2026-05-22T12:40:20+00:00,started,robot_substitution:cut:apartment:910005,cut,apartment,910005,rollin_justin,,
2026-05-22T12:43:21+00:00,failed,robot_substitution:cut:apartment:910005,cut,apartment,910005,rollin_justin,-11,child process returned non-zero; removed_raw_rows=2
2026-05-22T12:43:21+00:00,started,robot_substitution:cut:apartment:910005,cut,apartment,910005,hsrb,,
2026-05-22T12:45:12+00:00,completed,robot_substitution:cut:apartment:910005,cut,apartment,910005,hsrb,0,
2026-05-22T12:45:12+00:00,started,robot_substitution:cut:apartment:910005,cut,apartment,910005,pr2,,
2026-05-22T12:52:29+00:00,completed,robot_substitution:cut:apartment:910005,cut,apartment,910005,pr2,0,
2026-05-22T12:52:29+00:00,started,robot_substitution:cut:apartment:910005,cut,apartment,910005,armar7,,
2026-05-22T12:59:02+00:00,completed,robot_substitution:cut:apartment:910005,cut,apartment,910005,armar7,0,
2026-05-22T12:59:02+00:00,started,robot_substitution:cut:apartment:910005,cut,apartment,910005,unitree_g1,,
2026-05-22T13:07:33+00:00,completed,robot_substitution:cut:apartment:910005,cut,apartment,910005,unitree_g1,0,
2026-05-22T13:07:33+00:00,started,robot_substitution:cut:apartment:910005,cut,apartment,910005,garmi,,
2026-05-22T13:12:54+00:00,completed,robot_substitution:cut:apartment:910005,cut,apartment,910005,garmi,0,
2026-05-22T13:12:54+00:00,started,robot_substitution:cut:isr:910001,cut,isr,910001,tiago,,
2026-05-22T13:16:38+00:00,completed,robot_substitution:cut:isr:910001,cut,isr,910001,tiago,0,
2026-05-22T13:16:38+00:00,started,robot_substitution:cut:isr:910001,cut,isr,910001,rollin_justin,,
2026-05-22T13:20:33+00:00,completed,robot_substitution:cut:isr:910001,cut,isr,910001,rollin_justin,0,
2026-05-22T13:20:33+00:00,started,robot_substitution:cut:isr:910001,cut,isr,910001,hsrb,,
2026-05-22T13:22:01+00:00,completed,robot_substitution:cut:isr:910001,cut,isr,910001,hsrb,0,
2026-05-22T13:22:01+00:00,started,robot_substitution:cut:isr:910001,cut,isr,910001,pr2,,
2026-05-22T13:25:03+00:00,failed,robot_substitution:cut:isr:910001,cut,isr,910001,pr2,-11,child process returned non-zero; removed_raw_rows=5
2026-05-22T13:25:03+00:00,started,robot_substitution:cut:isr:910001,cut,isr,910001,armar7,,
2026-05-22T13:28:04+00:00,failed,robot_substitution:cut:isr:910001,cut,isr,910001,armar7,-11,child process returned non-zero; removed_raw_rows=2
2026-05-22T13:28:04+00:00,started,robot_substitution:cut:isr:910001,cut,isr,910001,unitree_g1,,
2026-05-22T13:31:47+00:00,completed,robot_substitution:cut:isr:910001,cut,isr,910001,unitree_g1,0,
2026-05-22T13:31:47+00:00,started,robot_substitution:cut:isr:910001,cut,isr,910001,garmi,,
2026-05-22T13:38:49+00:00,completed,robot_substitution:cut:isr:910001,cut,isr,910001,garmi,0,
2026-05-22T13:38:49+00:00,started,robot_substitution:cut:isr:910002,cut,isr,910002,tiago,,
2026-05-22T13:42:56+00:00,completed,robot_substitution:cut:isr:910002,cut,isr,910002,tiago,0,
2026-05-22T13:42:56+00:00,started,robot_substitution:cut:isr:910002,cut,isr,910002,rollin_justin,,
2026-05-22T13:45:57+00:00,failed,robot_substitution:cut:isr:910002,cut,isr,910002,rollin_justin,-7,child process returned non-zero; removed_raw_rows=4
2026-05-22T13:45:57+00:00,started,robot_substitution:cut:isr:910002,cut,isr,910002,hsrb,,
2026-05-22T13:47:47+00:00,completed,robot_substitution:cut:isr:910002,cut,isr,910002,hsrb,0,
2026-05-22T13:47:47+00:00,started,robot_substitution:cut:isr:910002,cut,isr,910002,pr2,,
2026-05-22T13:53:03+00:00,completed,robot_substitution:cut:isr:910002,cut,isr,910002,pr2,0,
2026-05-22T13:53:03+00:00,started,robot_substitution:cut:isr:910002,cut,isr,910002,armar7,,
2026-05-22T13:56:04+00:00,failed,robot_substitution:cut:isr:910002,cut,isr,910002,armar7,-11,child process returned non-zero; removed_raw_rows=4
2026-05-22T13:56:05+00:00,started,robot_substitution:cut:isr:910002,cut,isr,910002,unitree_g1,,
2026-05-22T13:59:06+00:00,failed,robot_substitution:cut:isr:910002,cut,isr,910002,unitree_g1,-11,child process returned non-zero; removed_raw_rows=4
2026-05-22T13:59:06+00:00,started,robot_substitution:cut:isr:910002,cut,isr,910002,garmi,,
2026-05-22T14:07:32+00:00,completed,robot_substitution:cut:isr:910002,cut,isr,910002,garmi,0,
2026-05-22T14:07:32+00:00,started,robot_substitution:cut:isr:910003,cut,isr,910003,tiago,,
2026-05-22T14:10:33+00:00,failed,robot_substitution:cut:isr:910003,cut,isr,910003,tiago,-11,child process returned non-zero; removed_raw_rows=3
2026-05-22T14:10:33+00:00,started,robot_substitution:cut:isr:910003,cut,isr,910003,rollin_justin,,
2026-05-22T14:16:35+00:00,completed,robot_substitution:cut:isr:910003,cut,isr,910003,rollin_justin,0,
2026-05-22T14:16:35+00:00,started,robot_substitution:cut:isr:910003,cut,isr,910003,hsrb,,
2026-05-22T14:18:23+00:00,completed,robot_substitution:cut:isr:910003,cut,isr,910003,hsrb,0,
2026-05-22T14:18:23+00:00,started,robot_substitution:cut:isr:910003,cut,isr,910003,pr2,,
2026-05-22T14:24:00+00:00,completed,robot_substitution:cut:isr:910003,cut,isr,910003,pr2,0,
2026-05-22T14:24:00+00:00,started,robot_substitution:cut:isr:910003,cut,isr,910003,armar7,,
2026-05-22T14:31:04+00:00,completed,robot_substitution:cut:isr:910003,cut,isr,910003,armar7,0,
2026-05-22T14:31:04+00:00,started,robot_substitution:cut:isr:910003,cut,isr,910003,unitree_g1,,
2026-05-22T14:36:34+00:00,completed,robot_substitution:cut:isr:910003,cut,isr,910003,unitree_g1,0,
2026-05-22T14:36:34+00:00,started,robot_substitution:cut:isr:910003,cut,isr,910003,garmi,,
2026-05-22T14:47:49+00:00,completed,robot_substitution:cut:isr:910003,cut,isr,910003,garmi,0,
2026-05-22T14:47:49+00:00,started,robot_substitution:cut:isr:910004,cut,isr,910004,tiago,,
2026-05-22T14:52:39+00:00,completed,robot_substitution:cut:isr:910004,cut,isr,910004,tiago,0,
2026-05-22T14:52:39+00:00,started,robot_substitution:cut:isr:910004,cut,isr,910004,rollin_justin,,
2026-05-22T14:55:41+00:00,failed,robot_substitution:cut:isr:910004,cut,isr,910004,rollin_justin,-11,child process returned non-zero; removed_raw_rows=4
2026-05-22T14:55:41+00:00,started,robot_substitution:cut:isr:910004,cut,isr,910004,hsrb,,
2026-05-22T14:57:39+00:00,completed,robot_substitution:cut:isr:910004,cut,isr,910004,hsrb,0,
2026-05-22T14:57:39+00:00,started,robot_substitution:cut:isr:910004,cut,isr,910004,pr2,,
2026-05-22T15:00:40+00:00,failed,robot_substitution:cut:isr:910004,cut,isr,910004,pr2,-11,child process returned non-zero; removed_raw_rows=3
2026-05-22T15:00:40+00:00,started,robot_substitution:cut:isr:910004,cut,isr,910004,armar7,,
2026-05-22T15:07:41+00:00,completed,robot_substitution:cut:isr:910004,cut,isr,910004,armar7,0,
2026-05-22T15:07:41+00:00,started,robot_substitution:cut:isr:910004,cut,isr,910004,unitree_g1,,
2026-05-22T15:13:09+00:00,completed,robot_substitution:cut:isr:910004,cut,isr,910004,unitree_g1,0,
2026-05-22T15:13:09+00:00,started,robot_substitution:cut:isr:910004,cut,isr,910004,garmi,,
2026-05-22T15:22:01+00:00,completed,robot_substitution:cut:isr:910004,cut,isr,910004,garmi,0,
2026-05-22T15:22:01+00:00,started,robot_substitution:cut:isr:910005,cut,isr,910005,tiago,,
2026-05-22T15:25:02+00:00,failed,robot_substitution:cut:isr:910005,cut,isr,910005,tiago,-11,child process returned non-zero; removed_raw_rows=3
2026-05-22T15:25:02+00:00,started,robot_substitution:cut:isr:910005,cut,isr,910005,rollin_justin,,
2026-05-22T15:33:02+00:00,completed,robot_substitution:cut:isr:910005,cut,isr,910005,rollin_justin,0,
2026-05-22T15:33:02+00:00,started,robot_substitution:cut:isr:910005,cut,isr,910005,hsrb,,
2026-05-22T15:35:06+00:00,completed,robot_substitution:cut:isr:910005,cut,isr,910005,hsrb,0,
2026-05-22T15:35:06+00:00,started,robot_substitution:cut:isr:910005,cut,isr,910005,pr2,,
2026-05-22T15:40:49+00:00,completed,robot_substitution:cut:isr:910005,cut,isr,910005,pr2,0,
2026-05-22T15:40:49+00:00,started,robot_substitution:cut:isr:910005,cut,isr,910005,armar7,,
2026-05-22T15:47:09+00:00,completed,robot_substitution:cut:isr:910005,cut,isr,910005,armar7,0,
2026-05-22T15:47:09+00:00,started,robot_substitution:cut:isr:910005,cut,isr,910005,unitree_g1,,
2026-05-22T15:53:04+00:00,completed,robot_substitution:cut:isr:910005,cut,isr,910005,unitree_g1,0,
2026-05-22T15:53:04+00:00,started,robot_substitution:cut:isr:910005,cut,isr,910005,garmi,,
2026-05-22T16:05:39+00:00,completed,robot_substitution:cut:isr:910005,cut,isr,910005,garmi,0,
2026-05-22T16:05:39+00:00,started,robot_substitution:cut:kitchen:910001,cut,kitchen,910001,tiago,,
2026-05-22T16:10:13+00:00,completed,robot_substitution:cut:kitchen:910001,cut,kitchen,910001,tiago,0,
2026-05-22T16:10:13+00:00,started,robot_substitution:cut:kitchen:910001,cut,kitchen,910001,rollin_justin,,
2026-05-22T16:13:14+00:00,failed,robot_substitution:cut:kitchen:910001,cut,kitchen,910001,rollin_justin,-11,child process returned non-zero; removed_raw_rows=2
2026-05-22T16:13:14+00:00,started,robot_substitution:cut:kitchen:910001,cut,kitchen,910001,hsrb,,
2026-05-22T16:14:48+00:00,completed,robot_substitution:cut:kitchen:910001,cut,kitchen,910001,hsrb,0,
2026-05-22T16:14:48+00:00,started,robot_substitution:cut:kitchen:910001,cut,kitchen,910001,pr2,,
2026-05-22T16:18:26+00:00,completed,robot_substitution:cut:kitchen:910001,cut,kitchen,910001,pr2,0,
2026-05-22T16:18:26+00:00,started,robot_substitution:cut:kitchen:910001,cut,kitchen,910001,armar7,,
2026-05-22T16:23:45+00:00,completed,robot_substitution:cut:kitchen:910001,cut,kitchen,910001,armar7,0,
2026-05-22T16:23:45+00:00,started,robot_substitution:cut:kitchen:910001,cut,kitchen,910001,unitree_g1,,
2026-05-22T16:28:21+00:00,completed,robot_substitution:cut:kitchen:910001,cut,kitchen,910001,unitree_g1,0,
2026-05-22T16:28:21+00:00,started,robot_substitution:cut:kitchen:910001,cut,kitchen,910001,garmi,,
2026-05-22T16:31:23+00:00,failed,robot_substitution:cut:kitchen:910001,cut,kitchen,910001,garmi,-11,child process returned non-zero; removed_raw_rows=1
2026-05-22T16:31:23+00:00,started,robot_substitution:cut:kitchen:910002,cut,kitchen,910002,tiago,,
2026-05-22T16:34:33+00:00,completed,robot_substitution:cut:kitchen:910002,cut,kitchen,910002,tiago,0,
2026-05-22T16:34:33+00:00,started,robot_substitution:cut:kitchen:910002,cut,kitchen,910002,rollin_justin,,
2026-05-22T16:38:51+00:00,completed,robot_substitution:cut:kitchen:910002,cut,kitchen,910002,rollin_justin,0,
2026-05-22T16:38:51+00:00,started,robot_substitution:cut:kitchen:910002,cut,kitchen,910002,hsrb,,
2026-05-22T16:40:13+00:00,completed,robot_substitution:cut:kitchen:910002,cut,kitchen,910002,hsrb,0,
2026-05-22T16:40:13+00:00,started,robot_substitution:cut:kitchen:910002,cut,kitchen,910002,pr2,,
2026-05-22T16:43:14+00:00,failed,robot_substitution:cut:kitchen:910002,cut,kitchen,910002,pr2,-11,child process returned non-zero; removed_raw_rows=4
2026-05-22T16:43:14+00:00,started,robot_substitution:cut:kitchen:910002,cut,kitchen,910002,armar7,,
2026-05-22T16:47:23+00:00,completed,robot_substitution:cut:kitchen:910002,cut,kitchen,910002,armar7,0,
2026-05-22T16:47:23+00:00,started,robot_substitution:cut:kitchen:910002,cut,kitchen,910002,unitree_g1,,
2026-05-22T16:51:19+00:00,completed,robot_substitution:cut:kitchen:910002,cut,kitchen,910002,unitree_g1,0,
2026-05-22T16:51:19+00:00,started,robot_substitution:cut:kitchen:910002,cut,kitchen,910002,garmi,,
2026-05-22T16:57:49+00:00,completed,robot_substitution:cut:kitchen:910002,cut,kitchen,910002,garmi,0,
2026-05-22T16:57:49+00:00,started,robot_substitution:cut:kitchen:910003,cut,kitchen,910003,tiago,,
2026-05-22T17:01:48+00:00,completed,robot_substitution:cut:kitchen:910003,cut,kitchen,910003,tiago,0,
2026-05-22T17:01:48+00:00,started,robot_substitution:cut:kitchen:910003,cut,kitchen,910003,rollin_justin,,
2026-05-22T17:05:01+00:00,completed,robot_substitution:cut:kitchen:910003,cut,kitchen,910003,rollin_justin,0,
2026-05-22T17:05:01+00:00,started,robot_substitution:cut:kitchen:910003,cut,kitchen,910003,hsrb,,
2026-05-22T17:06:39+00:00,completed,robot_substitution:cut:kitchen:910003,cut,kitchen,910003,hsrb,0,
2026-05-22T17:06:39+00:00,started,robot_substitution:cut:kitchen:910003,cut,kitchen,910003,pr2,,
2026-05-22T17:09:07+00:00,completed,robot_substitution:cut:kitchen:910003,cut,kitchen,910003,pr2,0,
2026-05-22T17:09:07+00:00,started,robot_substitution:cut:kitchen:910003,cut,kitchen,910003,armar7,,
2026-05-22T17:12:08+00:00,failed,robot_substitution:cut:kitchen:910003,cut,kitchen,910003,armar7,-11,child process returned non-zero; removed_raw_rows=2
2026-05-22T17:12:08+00:00,started,robot_substitution:cut:kitchen:910003,cut,kitchen,910003,unitree_g1,,
2026-05-22T17:17:11+00:00,completed,robot_substitution:cut:kitchen:910003,cut,kitchen,910003,unitree_g1,0,
2026-05-22T17:17:11+00:00,started,robot_substitution:cut:kitchen:910003,cut,kitchen,910003,garmi,,
2026-05-22T17:25:11+00:00,completed,robot_substitution:cut:kitchen:910003,cut,kitchen,910003,garmi,0,
2026-05-22T17:25:11+00:00,started,robot_substitution:cut:kitchen:910004,cut,kitchen,910004,tiago,,
2026-05-22T17:27:40+00:00,completed,robot_substitution:cut:kitchen:910004,cut,kitchen,910004,tiago,0,
2026-05-22T17:27:40+00:00,started,robot_substitution:cut:kitchen:910004,cut,kitchen,910004,rollin_justin,,
2026-05-22T17:30:34+00:00,completed,robot_substitution:cut:kitchen:910004,cut,kitchen,910004,rollin_justin,0,
2026-05-22T17:30:34+00:00,started,robot_substitution:cut:kitchen:910004,cut,kitchen,910004,hsrb,,
2026-05-22T17:31:57+00:00,completed,robot_substitution:cut:kitchen:910004,cut,kitchen,910004,hsrb,0,
2026-05-22T17:31:57+00:00,started,robot_substitution:cut:kitchen:910004,cut,kitchen,910004,pr2,,
2026-05-22T17:34:45+00:00,completed,robot_substitution:cut:kitchen:910004,cut,kitchen,910004,pr2,0,
2026-05-22T17:34:45+00:00,started,robot_substitution:cut:kitchen:910004,cut,kitchen,910004,armar7,,
2026-05-22T17:39:55+00:00,completed,robot_substitution:cut:kitchen:910004,cut,kitchen,910004,armar7,0,
2026-05-22T17:39:55+00:00,started,robot_substitution:cut:kitchen:910004,cut,kitchen,910004,unitree_g1,,
2026-05-22T17:42:54+00:00,completed,robot_substitution:cut:kitchen:910004,cut,kitchen,910004,unitree_g1,0,
2026-05-22T17:42:54+00:00,started,robot_substitution:cut:kitchen:910004,cut,kitchen,910004,garmi,,
2026-05-22T17:47:09+00:00,completed,robot_substitution:cut:kitchen:910004,cut,kitchen,910004,garmi,0,
2026-05-22T17:47:09+00:00,started,robot_substitution:cut:kitchen:910005,cut,kitchen,910005,tiago,,
2026-05-22T17:49:29+00:00,completed,robot_substitution:cut:kitchen:910005,cut,kitchen,910005,tiago,0,
2026-05-22T17:49:29+00:00,started,robot_substitution:cut:kitchen:910005,cut,kitchen,910005,rollin_justin,,
2026-05-22T17:52:30+00:00,failed,robot_substitution:cut:kitchen:910005,cut,kitchen,910005,rollin_justin,-11,child process returned non-zero; removed_raw_rows=2
2026-05-22T17:52:30+00:00,started,robot_substitution:cut:kitchen:910005,cut,kitchen,910005,hsrb,,
2026-05-22T17:53:27+00:00,completed,robot_substitution:cut:kitchen:910005,cut,kitchen,910005,hsrb,0,
2026-05-22T17:53:27+00:00,started,robot_substitution:cut:kitchen:910005,cut,kitchen,910005,pr2,,
2026-05-22T17:55:11+00:00,completed,robot_substitution:cut:kitchen:910005,cut,kitchen,910005,pr2,0,
2026-05-22T17:55:11+00:00,started,robot_substitution:cut:kitchen:910005,cut,kitchen,910005,armar7,,
2026-05-22T17:58:03+00:00,completed,robot_substitution:cut:kitchen:910005,cut,kitchen,910005,armar7,0,
2026-05-22T17:58:03+00:00,started,robot_substitution:cut:kitchen:910005,cut,kitchen,910005,unitree_g1,,
2026-05-22T18:00:39+00:00,completed,robot_substitution:cut:kitchen:910005,cut,kitchen,910005,unitree_g1,0,
2026-05-22T18:00:39+00:00,started,robot_substitution:cut:kitchen:910005,cut,kitchen,910005,garmi,,
2026-05-22T18:05:20+00:00,completed,robot_substitution:cut:kitchen:910005,cut,kitchen,910005,garmi,0,
2026-05-22T18:05:20+00:00,started,robot_substitution:wipe:apartment:910001,wipe,apartment,910001,tiago,,
2026-05-22T18:08:22+00:00,failed,robot_substitution:wipe:apartment:910001,wipe,apartment,910001,tiago,-11,child process returned non-zero; removed_raw_rows=8
2026-05-22T18:08:22+00:00,started,robot_substitution:wipe:apartment:910001,wipe,apartment,910001,rollin_justin,,
2026-05-22T18:38:22+00:00,failed,robot_substitution:wipe:apartment:910001,wipe,apartment,910001,rollin_justin,124,child process returned non-zero; removed_raw_rows=29
2026-05-22T18:38:22+00:00,started,robot_substitution:wipe:apartment:910001,wipe,apartment,910001,hsrb,,
2026-05-22T18:44:05+00:00,completed,robot_substitution:wipe:apartment:910001,wipe,apartment,910001,hsrb,0,
2026-05-22T18:44:05+00:00,started,robot_substitution:wipe:apartment:910001,wipe,apartment,910001,pr2,,
2026-05-22T19:12:36+00:00,completed,robot_substitution:wipe:apartment:910001,wipe,apartment,910001,pr2,0,
2026-05-22T19:12:36+00:00,started,robot_substitution:wipe:apartment:910001,wipe,apartment,910001,armar7,,
2026-05-22T19:42:36+00:00,failed,robot_substitution:wipe:apartment:910001,wipe,apartment,910001,armar7,124,child process returned non-zero; removed_raw_rows=23
2026-05-22T19:42:36+00:00,started,robot_substitution:wipe:apartment:910001,wipe,apartment,910001,unitree_g1,,
2026-05-22T20:12:36+00:00,failed,robot_substitution:wipe:apartment:910001,wipe,apartment,910001,unitree_g1,124,child process returned non-zero; removed_raw_rows=22
2026-05-22T20:12:36+00:00,started,robot_substitution:wipe:apartment:910002,wipe,apartment,910002,tiago,,
2026-05-22T20:29:44+00:00,completed,robot_substitution:wipe:apartment:910002,wipe,apartment,910002,tiago,0,
2026-05-22T20:29:44+00:00,started,robot_substitution:wipe:apartment:910002,wipe,apartment,910002,rollin_justin,,
2026-05-22T20:59:44+00:00,failed,robot_substitution:wipe:apartment:910002,wipe,apartment,910002,rollin_justin,124,child process returned non-zero; removed_raw_rows=31
2026-05-22T20:59:44+00:00,started,robot_substitution:wipe:apartment:910002,wipe,apartment,910002,hsrb,,
2026-05-22T21:05:31+00:00,completed,robot_substitution:wipe:apartment:910002,wipe,apartment,910002,hsrb,0,
2026-05-22T21:05:31+00:00,started,robot_substitution:wipe:apartment:910002,wipe,apartment,910002,pr2,,
2026-05-22T21:33:17+00:00,completed,robot_substitution:wipe:apartment:910002,wipe,apartment,910002,pr2,0,
2026-05-22T21:33:17+00:00,started,robot_substitution:wipe:apartment:910002,wipe,apartment,910002,armar7,,
2026-05-22T22:03:17+00:00,failed,robot_substitution:wipe:apartment:910002,wipe,apartment,910002,armar7,124,child process returned non-zero; removed_raw_rows=23
2026-05-22T22:03:17+00:00,started,robot_substitution:wipe:apartment:910002,wipe,apartment,910002,unitree_g1,,
2026-05-22T22:33:17+00:00,failed,robot_substitution:wipe:apartment:910002,wipe,apartment,910002,unitree_g1,124,child process returned non-zero; removed_raw_rows=24
2026-05-22T22:33:17+00:00,started,robot_substitution:wipe:apartment:910003,wipe,apartment,910003,tiago,,
2026-05-22T22:51:38+00:00,completed,robot_substitution:wipe:apartment:910003,wipe,apartment,910003,tiago,0,
2026-05-22T22:51:38+00:00,started,robot_substitution:wipe:apartment:910003,wipe,apartment,910003,rollin_justin,,
2026-05-22T23:21:38+00:00,failed,robot_substitution:wipe:apartment:910003,wipe,apartment,910003,rollin_justin,124,child process returned non-zero; removed_raw_rows=29
2026-05-22T23:21:38+00:00,started,robot_substitution:wipe:apartment:910003,wipe,apartment,910003,hsrb,,
2026-05-22T23:27:29+00:00,completed,robot_substitution:wipe:apartment:910003,wipe,apartment,910003,hsrb,0,
2026-05-22T23:27:29+00:00,started,robot_substitution:wipe:apartment:910003,wipe,apartment,910003,pr2,,
2026-05-22T23:57:17+00:00,completed,robot_substitution:wipe:apartment:910003,wipe,apartment,910003,pr2,0,
2026-05-22T23:57:17+00:00,started,robot_substitution:wipe:apartment:910003,wipe,apartment,910003,armar7,,
2026-05-23T00:27:17+00:00,failed,robot_substitution:wipe:apartment:910003,wipe,apartment,910003,armar7,124,child process returned non-zero; removed_raw_rows=24
2026-05-23T00:27:17+00:00,started,robot_substitution:wipe:apartment:910003,wipe,apartment,910003,unitree_g1,,
2026-05-23T00:57:17+00:00,failed,robot_substitution:wipe:apartment:910003,wipe,apartment,910003,unitree_g1,124,child process returned non-zero; removed_raw_rows=19
2026-05-23T00:57:17+00:00,started,robot_substitution:wipe:apartment:910003,wipe,apartment,910003,garmi,,
2026-05-23T01:27:18+00:00,failed,robot_substitution:wipe:apartment:910003,wipe,apartment,910003,garmi,124,child process returned non-zero; removed_raw_rows=30
2026-05-23T01:27:18+00:00,started,robot_substitution:wipe:apartment:910004,wipe,apartment,910004,tiago,,
2026-05-23T01:44:34+00:00,completed,robot_substitution:wipe:apartment:910004,wipe,apartment,910004,tiago,0,
2026-05-23T01:44:34+00:00,started,robot_substitution:wipe:apartment:910004,wipe,apartment,910004,rollin_justin,,
2026-05-23T02:14:34+00:00,failed,robot_substitution:wipe:apartment:910004,wipe,apartment,910004,rollin_justin,124,child process returned non-zero; removed_raw_rows=35
2026-05-23T02:14:34+00:00,started,robot_substitution:wipe:apartment:910004,wipe,apartment,910004,hsrb,,
2026-05-23T02:20:12+00:00,completed,robot_substitution:wipe:apartment:910004,wipe,apartment,910004,hsrb,0,
2026-05-23T02:20:12+00:00,started,robot_substitution:wipe:apartment:910004,wipe,apartment,910004,pr2,,
2026-05-23T02:49:08+00:00,completed,robot_substitution:wipe:apartment:910004,wipe,apartment,910004,pr2,0,
2026-05-23T02:49:08+00:00,started,robot_substitution:wipe:apartment:910004,wipe,apartment,910004,armar7,,
2026-05-23T03:19:09+00:00,failed,robot_substitution:wipe:apartment:910004,wipe,apartment,910004,armar7,124,child process returned non-zero; removed_raw_rows=24
2026-05-23T03:19:09+00:00,started,robot_substitution:wipe:apartment:910004,wipe,apartment,910004,unitree_g1,,
2026-05-23T03:49:09+00:00,failed,robot_substitution:wipe:apartment:910004,wipe,apartment,910004,unitree_g1,124,child process returned non-zero; removed_raw_rows=23
2026-05-23T03:49:09+00:00,started,robot_substitution:wipe:apartment:910004,wipe,apartment,910004,garmi,,
2026-05-23T04:19:09+00:00,failed,robot_substitution:wipe:apartment:910004,wipe,apartment,910004,garmi,124,child process returned non-zero; removed_raw_rows=30
2026-05-23T04:19:09+00:00,started,robot_substitution:wipe:apartment:910005,wipe,apartment,910005,tiago,,
2026-05-23T04:36:31+00:00,completed,robot_substitution:wipe:apartment:910005,wipe,apartment,910005,tiago,0,
2026-05-23T04:36:31+00:00,started,robot_substitution:wipe:apartment:910005,wipe,apartment,910005,rollin_justin,,
2026-05-23T05:06:31+00:00,failed,robot_substitution:wipe:apartment:910005,wipe,apartment,910005,rollin_justin,124,child process returned non-zero; removed_raw_rows=30
2026-05-23T05:06:31+00:00,started,robot_substitution:wipe:apartment:910005,wipe,apartment,910005,hsrb,,
2026-05-23T05:12:21+00:00,completed,robot_substitution:wipe:apartment:910005,wipe,apartment,910005,hsrb,0,
2026-05-23T05:12:21+00:00,started,robot_substitution:wipe:apartment:910005,wipe,apartment,910005,pr2,,
2026-05-23T05:42:15+00:00,completed,robot_substitution:wipe:apartment:910005,wipe,apartment,910005,pr2,0,
2026-05-23T05:42:15+00:00,started,robot_substitution:wipe:apartment:910005,wipe,apartment,910005,armar7,,
2026-05-23T06:12:16+00:00,failed,robot_substitution:wipe:apartment:910005,wipe,apartment,910005,armar7,124,child process returned non-zero; removed_raw_rows=25
2026-05-23T06:12:16+00:00,started,robot_substitution:wipe:apartment:910005,wipe,apartment,910005,unitree_g1,,
2026-05-23T06:42:16+00:00,failed,robot_substitution:wipe:apartment:910005,wipe,apartment,910005,unitree_g1,124,child process returned non-zero; removed_raw_rows=21
2026-05-23T06:42:16+00:00,started,robot_substitution:wipe:apartment:910005,wipe,apartment,910005,garmi,,
2026-05-23T07:12:16+00:00,failed,robot_substitution:wipe:apartment:910005,wipe,apartment,910005,garmi,124,child process returned non-zero; removed_raw_rows=31
2026-05-23T07:12:16+00:00,started,robot_substitution:wipe:isr:910001,wipe,isr,910001,tiago,,
2026-05-23T07:16:07+00:00,completed,robot_substitution:wipe:isr:910001,wipe,isr,910001,tiago,0,
2026-05-23T07:16:07+00:00,started,robot_substitution:wipe:isr:910001,wipe,isr,910001,rollin_justin,,
2026-05-23T07:20:57+00:00,completed,robot_substitution:wipe:isr:910001,wipe,isr,910001,rollin_justin,0,
2026-05-23T07:20:57+00:00,started,robot_substitution:wipe:isr:910001,wipe,isr,910001,hsrb,,
2026-05-23T07:22:19+00:00,completed,robot_substitution:wipe:isr:910001,wipe,isr,910001,hsrb,0,
2026-05-23T07:22:19+00:00,started,robot_substitution:wipe:isr:910001,wipe,isr,910001,pr2,,
2026-05-23T07:27:47+00:00,completed,robot_substitution:wipe:isr:910001,wipe,isr,910001,pr2,0,
2026-05-23T07:27:47+00:00,started,robot_substitution:wipe:isr:910001,wipe,isr,910001,armar7,,
2026-05-23T07:35:58+00:00,completed,robot_substitution:wipe:isr:910001,wipe,isr,910001,armar7,0,
2026-05-23T07:35:58+00:00,started,robot_substitution:wipe:isr:910001,wipe,isr,910001,unitree_g1,,
2026-05-23T07:42:36+00:00,completed,robot_substitution:wipe:isr:910001,wipe,isr,910001,unitree_g1,0,
2026-05-23T07:42:36+00:00,started,robot_substitution:wipe:isr:910001,wipe,isr,910001,garmi,,
2026-05-23T07:48:37+00:00,completed,robot_substitution:wipe:isr:910001,wipe,isr,910001,garmi,0,
2026-05-23T07:48:37+00:00,started,robot_substitution:wipe:isr:910002,wipe,isr,910002,tiago,,
2026-05-23T07:53:04+00:00,completed,robot_substitution:wipe:isr:910002,wipe,isr,910002,tiago,0,
2026-05-23T07:53:04+00:00,started,robot_substitution:wipe:isr:910002,wipe,isr,910002,rollin_justin,,
2026-05-23T07:58:37+00:00,completed,robot_substitution:wipe:isr:910002,wipe,isr,910002,rollin_justin,0,
2026-05-23T07:58:37+00:00,started,robot_substitution:wipe:isr:910002,wipe,isr,910002,hsrb,,
2026-05-23T07:59:57+00:00,completed,robot_substitution:wipe:isr:910002,wipe,isr,910002,hsrb,0,
2026-05-23T07:59:57+00:00,started,robot_substitution:wipe:isr:910002,wipe,isr,910002,pr2,,
2026-05-23T08:04:56+00:00,completed,robot_substitution:wipe:isr:910002,wipe,isr,910002,pr2,0,
2026-05-23T08:04:56+00:00,started,robot_substitution:wipe:isr:910002,wipe,isr,910002,armar7,,
2026-05-23T08:08:38+00:00,failed,robot_substitution:wipe:isr:910002,wipe,isr,910002,armar7,-11,child process returned non-zero; removed_raw_rows=7
2026-05-23T08:08:38+00:00,started,robot_substitution:wipe:isr:910002,wipe,isr,910002,unitree_g1,,
2026-05-23T08:17:05+00:00,completed,robot_substitution:wipe:isr:910002,wipe,isr,910002,unitree_g1,0,
2026-05-23T08:17:05+00:00,started,robot_substitution:wipe:isr:910002,wipe,isr,910002,garmi,,
2026-05-23T08:23:21+00:00,completed,robot_substitution:wipe:isr:910002,wipe,isr,910002,garmi,0,
2026-05-23T08:23:21+00:00,started,robot_substitution:wipe:isr:910003,wipe,isr,910003,tiago,,
2026-05-23T08:27:18+00:00,completed,robot_substitution:wipe:isr:910003,wipe,isr,910003,tiago,0,
2026-05-23T08:27:18+00:00,started,robot_substitution:wipe:isr:910003,wipe,isr,910003,rollin_justin,,
2026-05-23T08:32:11+00:00,completed,robot_substitution:wipe:isr:910003,wipe,isr,910003,rollin_justin,0,
2026-05-23T08:32:11+00:00,started,robot_substitution:wipe:isr:910003,wipe,isr,910003,hsrb,,
2026-05-23T08:33:39+00:00,completed,robot_substitution:wipe:isr:910003,wipe,isr,910003,hsrb,0,
2026-05-23T08:33:39+00:00,started,robot_substitution:wipe:isr:910003,wipe,isr,910003,pr2,,
2026-05-23T08:39:14+00:00,completed,robot_substitution:wipe:isr:910003,wipe,isr,910003,pr2,0,
2026-05-23T08:39:14+00:00,started,robot_substitution:wipe:isr:910003,wipe,isr,910003,armar7,,
2026-05-23T08:47:11+00:00,completed,robot_substitution:wipe:isr:910003,wipe,isr,910003,armar7,0,
2026-05-23T08:47:11+00:00,started,robot_substitution:wipe:isr:910003,wipe,isr,910003,unitree_g1,,
2026-05-23T08:54:30+00:00,completed,robot_substitution:wipe:isr:910003,wipe,isr,910003,unitree_g1,0,
2026-05-23T08:54:30+00:00,started,robot_substitution:wipe:isr:910003,wipe,isr,910003,garmi,,
2026-05-23T09:00:12+00:00,completed,robot_substitution:wipe:isr:910003,wipe,isr,910003,garmi,0,
2026-05-23T09:00:12+00:00,started,robot_substitution:wipe:isr:910004,wipe,isr,910004,tiago,,
2026-05-23T09:04:25+00:00,completed,robot_substitution:wipe:isr:910004,wipe,isr,910004,tiago,0,
2026-05-23T09:04:25+00:00,started,robot_substitution:wipe:isr:910004,wipe,isr,910004,rollin_justin,,
2026-05-23T09:09:34+00:00,completed,robot_substitution:wipe:isr:910004,wipe,isr,910004,rollin_justin,0,
2026-05-23T09:09:34+00:00,started,robot_substitution:wipe:isr:910004,wipe,isr,910004,hsrb,,
2026-05-23T09:11:03+00:00,completed,robot_substitution:wipe:isr:910004,wipe,isr,910004,hsrb,0,
2026-05-23T09:11:03+00:00,started,robot_substitution:wipe:isr:910004,wipe,isr,910004,pr2,,
2026-05-23T09:17:13+00:00,completed,robot_substitution:wipe:isr:910004,wipe,isr,910004,pr2,0,
2026-05-23T09:17:13+00:00,started,robot_substitution:wipe:isr:910004,wipe,isr,910004,armar7,,
2026-05-23T09:26:27+00:00,completed,robot_substitution:wipe:isr:910004,wipe,isr,910004,armar7,0,
2026-05-23T09:26:27+00:00,started,robot_substitution:wipe:isr:910004,wipe,isr,910004,unitree_g1,,
2026-05-23T09:33:27+00:00,completed,robot_substitution:wipe:isr:910004,wipe,isr,910004,unitree_g1,0,
2026-05-23T09:33:27+00:00,started,robot_substitution:wipe:isr:910004,wipe,isr,910004,garmi,,
2026-05-23T09:39:08+00:00,completed,robot_substitution:wipe:isr:910004,wipe,isr,910004,garmi,0,
2026-05-23T09:39:08+00:00,started,robot_substitution:wipe:isr:910005,wipe,isr,910005,tiago,,
2026-05-23T09:43:11+00:00,completed,robot_substitution:wipe:isr:910005,wipe,isr,910005,tiago,0,
2026-05-23T09:43:11+00:00,started,robot_substitution:wipe:isr:910005,wipe,isr,910005,rollin_justin,,
2026-05-23T09:47:12+00:00,completed,robot_substitution:wipe:isr:910005,wipe,isr,910005,rollin_justin,0,
2026-05-23T09:47:12+00:00,started,robot_substitution:wipe:isr:910005,wipe,isr,910005,hsrb,,
2026-05-23T09:48:35+00:00,completed,robot_substitution:wipe:isr:910005,wipe,isr,910005,hsrb,0,
2026-05-23T09:48:35+00:00,started,robot_substitution:wipe:isr:910005,wipe,isr,910005,pr2,,
2026-05-23T09:54:05+00:00,completed,robot_substitution:wipe:isr:910005,wipe,isr,910005,pr2,0,
2026-05-23T09:54:05+00:00,started,robot_substitution:wipe:isr:910005,wipe,isr,910005,armar7,,
2026-05-23T10:03:31+00:00,completed,robot_substitution:wipe:isr:910005,wipe,isr,910005,armar7,0,
2026-05-23T10:03:31+00:00,started,robot_substitution:wipe:isr:910005,wipe,isr,910005,unitree_g1,,
2026-05-23T10:06:32+00:00,failed,robot_substitution:wipe:isr:910005,wipe,isr,910005,unitree_g1,-11,child process returned non-zero; removed_raw_rows=7
2026-05-23T10:06:32+00:00,started,robot_substitution:wipe:isr:910005,wipe,isr,910005,garmi,,
2026-05-23T10:11:59+00:00,completed,robot_substitution:wipe:isr:910005,wipe,isr,910005,garmi,0,
2026-05-23T10:11:59+00:00,started,robot_substitution:wipe:kitchen:910001,wipe,kitchen,910001,tiago,,
2026-05-23T10:15:07+00:00,completed,robot_substitution:wipe:kitchen:910001,wipe,kitchen,910001,tiago,0,
2026-05-23T10:15:07+00:00,started,robot_substitution:wipe:kitchen:910001,wipe,kitchen,910001,rollin_justin,,
2026-05-23T10:19:48+00:00,completed,robot_substitution:wipe:kitchen:910001,wipe,kitchen,910001,rollin_justin,0,
2026-05-23T10:19:48+00:00,started,robot_substitution:wipe:kitchen:910001,wipe,kitchen,910001,hsrb,,
2026-05-23T10:21:16+00:00,completed,robot_substitution:wipe:kitchen:910001,wipe,kitchen,910001,hsrb,0,
2026-05-23T10:21:16+00:00,started,robot_substitution:wipe:kitchen:910001,wipe,kitchen,910001,pr2,,
2026-05-23T10:23:56+00:00,completed,robot_substitution:wipe:kitchen:910001,wipe,kitchen,910001,pr2,0,
2026-05-23T10:23:56+00:00,started,robot_substitution:wipe:kitchen:910001,wipe,kitchen,910001,armar7,,
2026-05-23T10:31:50+00:00,completed,robot_substitution:wipe:kitchen:910001,wipe,kitchen,910001,armar7,0,
2026-05-23T10:31:50+00:00,started,robot_substitution:wipe:kitchen:910001,wipe,kitchen,910001,unitree_g1,,
2026-05-23T10:39:11+00:00,completed,robot_substitution:wipe:kitchen:910001,wipe,kitchen,910001,unitree_g1,0,
2026-05-23T10:39:11+00:00,started,robot_substitution:wipe:kitchen:910001,wipe,kitchen,910001,garmi,,
2026-05-23T10:43:39+00:00,completed,robot_substitution:wipe:kitchen:910001,wipe,kitchen,910001,garmi,0,
2026-05-23T10:43:39+00:00,started,robot_substitution:wipe:kitchen:910002,wipe,kitchen,910002,tiago,,
2026-05-23T10:47:02+00:00,completed,robot_substitution:wipe:kitchen:910002,wipe,kitchen,910002,tiago,0,
2026-05-23T10:47:02+00:00,started,robot_substitution:wipe:kitchen:910002,wipe,kitchen,910002,rollin_justin,,
2026-05-23T10:51:22+00:00,completed,robot_substitution:wipe:kitchen:910002,wipe,kitchen,910002,rollin_justin,0,
2026-05-23T10:51:22+00:00,started,robot_substitution:wipe:kitchen:910002,wipe,kitchen,910002,hsrb,,
2026-05-23T10:52:56+00:00,completed,robot_substitution:wipe:kitchen:910002,wipe,kitchen,910002,hsrb,0,
2026-05-23T10:52:56+00:00,started,robot_substitution:wipe:kitchen:910002,wipe,kitchen,910002,pr2,,
2026-05-23T10:55:27+00:00,completed,robot_substitution:wipe:kitchen:910002,wipe,kitchen,910002,pr2,0,
2026-05-23T10:55:27+00:00,started,robot_substitution:wipe:kitchen:910002,wipe,kitchen,910002,armar7,,
2026-05-23T11:03:20+00:00,completed,robot_substitution:wipe:kitchen:910002,wipe,kitchen,910002,armar7,0,
2026-05-23T11:03:20+00:00,started,robot_substitution:wipe:kitchen:910002,wipe,kitchen,910002,unitree_g1,,
2026-05-23T11:09:57+00:00,completed,robot_substitution:wipe:kitchen:910002,wipe,kitchen,910002,unitree_g1,0,
2026-05-23T11:09:57+00:00,started,robot_substitution:wipe:kitchen:910002,wipe,kitchen,910002,garmi,,
2026-05-23T11:12:59+00:00,failed,robot_substitution:wipe:kitchen:910002,wipe,kitchen,910002,garmi,-11,child process returned non-zero; removed_raw_rows=14
2026-05-23T11:12:59+00:00,started,robot_substitution:wipe:kitchen:910003,wipe,kitchen,910003,tiago,,
2026-05-23T11:16:30+00:00,completed,robot_substitution:wipe:kitchen:910003,wipe,kitchen,910003,tiago,0,
2026-05-23T11:16:30+00:00,started,robot_substitution:wipe:kitchen:910003,wipe,kitchen,910003,rollin_justin,,
2026-05-23T11:20:43+00:00,completed,robot_substitution:wipe:kitchen:910003,wipe,kitchen,910003,rollin_justin,0,
2026-05-23T11:20:43+00:00,started,robot_substitution:wipe:kitchen:910003,wipe,kitchen,910003,hsrb,,
2026-05-23T11:22:15+00:00,completed,robot_substitution:wipe:kitchen:910003,wipe,kitchen,910003,hsrb,0,
2026-05-23T11:22:15+00:00,started,robot_substitution:wipe:kitchen:910003,wipe,kitchen,910003,pr2,,
2026-05-23T11:24:50+00:00,completed,robot_substitution:wipe:kitchen:910003,wipe,kitchen,910003,pr2,0,
2026-05-23T11:24:50+00:00,started,robot_substitution:wipe:kitchen:910003,wipe,kitchen,910003,armar7,,
2026-05-23T11:32:37+00:00,completed,robot_substitution:wipe:kitchen:910003,wipe,kitchen,910003,armar7,0,
2026-05-23T11:32:37+00:00,started,robot_substitution:wipe:kitchen:910003,wipe,kitchen,910003,unitree_g1,,
2026-05-23T11:37:58+00:00,completed,robot_substitution:wipe:kitchen:910003,wipe,kitchen,910003,unitree_g1,0,
2026-05-23T11:37:58+00:00,started,robot_substitution:wipe:kitchen:910003,wipe,kitchen,910003,garmi,,
2026-05-23T11:42:37+00:00,completed,robot_substitution:wipe:kitchen:910003,wipe,kitchen,910003,garmi,0,
2026-05-23T11:42:37+00:00,started,robot_substitution:wipe:kitchen:910004,wipe,kitchen,910004,tiago,,
2026-05-23T11:45:39+00:00,failed,robot_substitution:wipe:kitchen:910004,wipe,kitchen,910004,tiago,-11,child process returned non-zero; removed_raw_rows=13
2026-05-23T11:45:39+00:00,started,robot_substitution:wipe:kitchen:910004,wipe,kitchen,910004,rollin_justin,,
2026-05-23T11:51:02+00:00,completed,robot_substitution:wipe:kitchen:910004,wipe,kitchen,910004,rollin_justin,0,
2026-05-23T11:51:02+00:00,started,robot_substitution:wipe:kitchen:910004,wipe,kitchen,910004,hsrb,,
2026-05-23T11:52:49+00:00,completed,robot_substitution:wipe:kitchen:910004,wipe,kitchen,910004,hsrb,0,
2026-05-23T11:52:49+00:00,started,robot_substitution:wipe:kitchen:910004,wipe,kitchen,910004,pr2,,
2026-05-23T11:55:41+00:00,completed,robot_substitution:wipe:kitchen:910004,wipe,kitchen,910004,pr2,0,
2026-05-23T11:55:41+00:00,started,robot_substitution:wipe:kitchen:910004,wipe,kitchen,910004,armar7,,
2026-05-23T12:04:43+00:00,completed,robot_substitution:wipe:kitchen:910004,wipe,kitchen,910004,armar7,0,
2026-05-23T12:04:43+00:00,started,robot_substitution:wipe:kitchen:910004,wipe,kitchen,910004,unitree_g1,,
2026-05-23T12:11:03+00:00,completed,robot_substitution:wipe:kitchen:910004,wipe,kitchen,910004,unitree_g1,0,
2026-05-23T12:11:03+00:00,started,robot_substitution:wipe:kitchen:910004,wipe,kitchen,910004,garmi,,
2026-05-23T12:15:34+00:00,completed,robot_substitution:wipe:kitchen:910004,wipe,kitchen,910004,garmi,0,
2026-05-23T12:15:34+00:00,started,robot_substitution:wipe:kitchen:910005,wipe,kitchen,910005,tiago,,
2026-05-23T12:18:38+00:00,completed,robot_substitution:wipe:kitchen:910005,wipe,kitchen,910005,tiago,0,
2026-05-23T12:18:38+00:00,started,robot_substitution:wipe:kitchen:910005,wipe,kitchen,910005,rollin_justin,,
2026-05-23T12:22:54+00:00,completed,robot_substitution:wipe:kitchen:910005,wipe,kitchen,910005,rollin_justin,0,
2026-05-23T12:22:54+00:00,started,robot_substitution:wipe:kitchen:910005,wipe,kitchen,910005,hsrb,,
2026-05-23T12:24:29+00:00,completed,robot_substitution:wipe:kitchen:910005,wipe,kitchen,910005,hsrb,0,
2026-05-23T12:24:29+00:00,started,robot_substitution:wipe:kitchen:910005,wipe,kitchen,910005,pr2,,
2026-05-23T12:27:01+00:00,completed,robot_substitution:wipe:kitchen:910005,wipe,kitchen,910005,pr2,0,
2026-05-23T12:27:01+00:00,started,robot_substitution:wipe:kitchen:910005,wipe,kitchen,910005,armar7,,
2026-05-23T12:34:45+00:00,completed,robot_substitution:wipe:kitchen:910005,wipe,kitchen,910005,armar7,0,
2026-05-23T12:34:45+00:00,started,robot_substitution:wipe:kitchen:910005,wipe,kitchen,910005,unitree_g1,,
2026-05-23T12:40:42+00:00,completed,robot_substitution:wipe:kitchen:910005,wipe,kitchen,910005,unitree_g1,0,
2026-05-23T12:40:42+00:00,started,robot_substitution:wipe:kitchen:910005,wipe,kitchen,910005,garmi,,
2026-05-23T12:44:51+00:00,completed,robot_substitution:wipe:kitchen:910005,wipe,kitchen,910005,garmi,0,
2026-05-23T14:08:02+00:00,started,robot_substitution:mix:apartment:910002,mix,apartment,910002,pr2,,
2026-05-23T14:18:44+00:00,completed,robot_substitution:mix:apartment:910002,mix,apartment,910002,pr2,0,
2026-05-23T14:18:44+00:00,started,robot_substitution:cut:apartment:910002,cut,apartment,910002,armar7,,
2026-05-23T14:21:46+00:00,failed,robot_substitution:cut:apartment:910002,cut,apartment,910002,armar7,-11,child process returned non-zero; removed_raw_rows=1
2026-05-23T14:21:46+00:00,started,robot_substitution:cut:apartment:910005,cut,apartment,910005,rollin_justin,,
2026-05-23T14:30:49+00:00,completed,robot_substitution:cut:apartment:910005,cut,apartment,910005,rollin_justin,0,
2026-05-23T14:30:49+00:00,started,robot_substitution:cut:isr:910001,cut,isr,910001,pr2,,
2026-05-23T14:33:50+00:00,failed,robot_substitution:cut:isr:910001,cut,isr,910001,pr2,-11,child process returned non-zero; removed_raw_rows=5
2026-05-23T14:33:50+00:00,started,robot_substitution:cut:isr:910001,cut,isr,910001,armar7,,
2026-05-23T14:39:01+00:00,completed,robot_substitution:cut:isr:910001,cut,isr,910001,armar7,0,
2026-05-23T14:39:01+00:00,started,robot_substitution:cut:isr:910002,cut,isr,910002,rollin_justin,,
2026-05-23T14:42:55+00:00,completed,robot_substitution:cut:isr:910002,cut,isr,910002,rollin_justin,0,
2026-05-23T14:42:55+00:00,started,robot_substitution:cut:isr:910002,cut,isr,910002,armar7,,
2026-05-23T14:48:51+00:00,completed,robot_substitution:cut:isr:910002,cut,isr,910002,armar7,0,
2026-05-23T14:48:51+00:00,started,robot_substitution:cut:isr:910002,cut,isr,910002,unitree_g1,,
2026-05-23T14:54:36+00:00,completed,robot_substitution:cut:isr:910002,cut,isr,910002,unitree_g1,0,
2026-05-23T14:54:36+00:00,started,robot_substitution:cut:isr:910003,cut,isr,910003,tiago,,
2026-05-23T14:59:47+00:00,completed,robot_substitution:cut:isr:910003,cut,isr,910003,tiago,0,
2026-05-23T14:59:47+00:00,started,robot_substitution:cut:isr:910004,cut,isr,910004,rollin_justin,,
2026-05-23T15:04:24+00:00,completed,robot_substitution:cut:isr:910004,cut,isr,910004,rollin_justin,0,
2026-05-23T15:04:24+00:00,started,robot_substitution:cut:isr:910004,cut,isr,910004,pr2,,
2026-05-23T15:07:25+00:00,failed,robot_substitution:cut:isr:910004,cut,isr,910004,pr2,-11,child process returned non-zero; removed_raw_rows=3
2026-05-23T15:07:25+00:00,started,robot_substitution:cut:isr:910005,cut,isr,910005,tiago,,
2026-05-23T15:12:53+00:00,completed,robot_substitution:cut:isr:910005,cut,isr,910005,tiago,0,
2026-05-23T15:12:53+00:00,started,robot_substitution:cut:kitchen:910001,cut,kitchen,910001,rollin_justin,,
2026-05-23T15:18:52+00:00,completed,robot_substitution:cut:kitchen:910001,cut,kitchen,910001,rollin_justin,0,
2026-05-23T15:18:52+00:00,started,robot_substitution:cut:kitchen:910001,cut,kitchen,910001,garmi,,
2026-05-23T15:25:40+00:00,completed,robot_substitution:cut:kitchen:910001,cut,kitchen,910001,garmi,0,
2026-05-23T15:25:40+00:00,started,robot_substitution:cut:kitchen:910002,cut,kitchen,910002,pr2,,
2026-05-23T15:28:41+00:00,failed,robot_substitution:cut:kitchen:910002,cut,kitchen,910002,pr2,-11,child process returned non-zero; removed_raw_rows=4
2026-05-23T15:28:41+00:00,started,robot_substitution:cut:kitchen:910003,cut,kitchen,910003,armar7,,
2026-05-23T15:34:27+00:00,completed,robot_substitution:cut:kitchen:910003,cut,kitchen,910003,armar7,0,
2026-05-23T15:34:27+00:00,started,robot_substitution:cut:kitchen:910005,cut,kitchen,910005,rollin_justin,,
2026-05-23T15:37:36+00:00,completed,robot_substitution:cut:kitchen:910005,cut,kitchen,910005,rollin_justin,0,
2026-05-23T15:37:36+00:00,started,robot_substitution:wipe:apartment:910001,wipe,apartment,910001,tiago,,
2026-05-23T15:54:57+00:00,completed,robot_substitution:wipe:apartment:910001,wipe,apartment,910001,tiago,0,
2026-05-23T15:54:57+00:00,started,robot_substitution:wipe:apartment:910001,wipe,apartment,910001,rollin_justin,,
2026-05-23T16:24:58+00:00,failed,robot_substitution:wipe:apartment:910001,wipe,apartment,910001,rollin_justin,124,child process returned non-zero; removed_raw_rows=29
2026-05-23T16:24:58+00:00,started,robot_substitution:wipe:apartment:910001,wipe,apartment,910001,armar7,,
2026-05-23T16:54:58+00:00,failed,robot_substitution:wipe:apartment:910001,wipe,apartment,910001,armar7,124,child process returned non-zero; removed_raw_rows=24
2026-05-23T16:54:58+00:00,started,robot_substitution:wipe:apartment:910001,wipe,apartment,910001,unitree_g1,,
2026-05-23T17:24:58+00:00,failed,robot_substitution:wipe:apartment:910001,wipe,apartment,910001,unitree_g1,124,child process returned non-zero; removed_raw_rows=21
2026-05-23T17:24:58+00:00,started,robot_substitution:wipe:apartment:910002,wipe,apartment,910002,rollin_justin,,
2026-05-23T17:54:58+00:00,failed,robot_substitution:wipe:apartment:910002,wipe,apartment,910002,rollin_justin,124,child process returned non-zero; removed_raw_rows=27
2026-05-23T17:54:58+00:00,started,robot_substitution:wipe:apartment:910002,wipe,apartment,910002,armar7,,
2026-05-23T18:24:59+00:00,failed,robot_substitution:wipe:apartment:910002,wipe,apartment,910002,armar7,124,child process returned non-zero; removed_raw_rows=24
2026-05-23T18:24:59+00:00,started,robot_substitution:wipe:apartment:910002,wipe,apartment,910002,unitree_g1,,
2026-05-23T18:54:59+00:00,failed,robot_substitution:wipe:apartment:910002,wipe,apartment,910002,unitree_g1,124,child process returned non-zero; removed_raw_rows=22
2026-05-23T18:54:59+00:00,started,robot_substitution:wipe:apartment:910003,wipe,apartment,910003,rollin_justin,,
2026-05-23T19:24:59+00:00,failed,robot_substitution:wipe:apartment:910003,wipe,apartment,910003,rollin_justin,124,child process returned non-zero; removed_raw_rows=31
2026-05-23T19:24:59+00:00,started,robot_substitution:wipe:apartment:910003,wipe,apartment,910003,armar7,,
2026-05-23T19:54:59+00:00,failed,robot_substitution:wipe:apartment:910003,wipe,apartment,910003,armar7,124,child process returned non-zero; removed_raw_rows=23
2026-05-23T19:54:59+00:00,started,robot_substitution:wipe:apartment:910003,wipe,apartment,910003,unitree_g1,,
2026-05-23T19:56:13+00:00,started,robot_substitution:mix:apartment:910001,mix,apartment,910001,stretch,,
2026-05-23T20:01:33+00:00,completed,robot_substitution:mix:apartment:910001,mix,apartment,910001,stretch,0,
2026-05-23T20:01:33+00:00,started,robot_substitution:mix:kitchen:910005,mix,kitchen,910005,stretch,,
2026-05-23T20:03:23+00:00,completed,robot_substitution:mix:kitchen:910005,mix,kitchen,910005,stretch,0,
2026-05-23T20:03:23+00:00,started,robot_substitution:cut:apartment:910001,cut,apartment,910001,stretch,,
2026-05-23T20:06:25+00:00,failed,robot_substitution:cut:apartment:910001,cut,apartment,910001,stretch,-11,child process returned non-zero; removed_raw_rows=5
2026-05-23T20:06:25+00:00,started,robot_substitution:cut:apartment:910002,cut,apartment,910002,stretch,,
2026-05-23T20:10:35+00:00,completed,robot_substitution:cut:apartment:910002,cut,apartment,910002,stretch,0,
2026-05-23T20:10:35+00:00,started,robot_substitution:cut:apartment:910003,cut,apartment,910003,stretch,,
2026-05-23T20:14:39+00:00,completed,robot_substitution:cut:apartment:910003,cut,apartment,910003,stretch,0,
2026-05-23T20:14:39+00:00,started,robot_substitution:cut:apartment:910004,cut,apartment,910004,stretch,,
2026-05-23T20:17:57+00:00,completed,robot_substitution:cut:apartment:910004,cut,apartment,910004,stretch,0,
2026-05-23T20:17:57+00:00,started,robot_substitution:cut:apartment:910005,cut,apartment,910005,stretch,,
2026-05-23T20:20:31+00:00,completed,robot_substitution:cut:apartment:910005,cut,apartment,910005,stretch,0,
2026-05-23T20:20:31+00:00,started,robot_substitution:cut:isr:910001,cut,isr,910001,stretch,,
2026-05-23T20:22:38+00:00,completed,robot_substitution:cut:isr:910001,cut,isr,910001,stretch,0,
2026-05-23T20:22:38+00:00,started,robot_substitution:cut:isr:910002,cut,isr,910002,stretch,,
2026-05-23T20:25:17+00:00,completed,robot_substitution:cut:isr:910002,cut,isr,910002,stretch,0,
2026-05-23T20:25:17+00:00,started,robot_substitution:cut:isr:910003,cut,isr,910003,stretch,,
2026-05-23T20:27:42+00:00,completed,robot_substitution:cut:isr:910003,cut,isr,910003,stretch,0,
2026-05-23T20:27:42+00:00,started,robot_substitution:cut:isr:910004,cut,isr,910004,stretch,,
2026-05-23T20:31:13+00:00,completed,robot_substitution:cut:isr:910004,cut,isr,910004,stretch,0,
2026-05-23T20:31:13+00:00,started,robot_substitution:cut:isr:910005,cut,isr,910005,stretch,,
2026-05-23T20:31:20+00:00,failed,robot_substitution:cut:isr:910005,cut,isr,910005,stretch,1,child process returned non-zero; removed_raw_rows=0
2026-05-23T20:31:20+00:00,started,robot_substitution:cut:kitchen:910001,cut,kitchen,910001,stretch,,
2026-05-23T20:31:26+00:00,failed,robot_substitution:cut:kitchen:910001,cut,kitchen,910001,stretch,1,child process returned non-zero; removed_raw_rows=0
2026-05-23T20:31:26+00:00,started,robot_substitution:cut:kitchen:910002,cut,kitchen,910002,stretch,,
2026-05-23T20:31:31+00:00,failed,robot_substitution:cut:kitchen:910002,cut,kitchen,910002,stretch,1,child process returned non-zero; removed_raw_rows=0
2026-05-23T20:31:31+00:00,started,robot_substitution:cut:kitchen:910003,cut,kitchen,910003,stretch,,
2026-05-23T20:31:37+00:00,failed,robot_substitution:cut:kitchen:910003,cut,kitchen,910003,stretch,1,child process returned non-zero; removed_raw_rows=0
2026-05-23T20:31:37+00:00,started,robot_substitution:cut:kitchen:910004,cut,kitchen,910004,stretch,,
2026-05-23T21:15:57+00:00,started,robot_substitution:cut:apartment:910001,cut,apartment,910001,stretch,,
2026-05-23T21:18:58+00:00,failed,robot_substitution:cut:apartment:910001,cut,apartment,910001,stretch,-11,child process returned non-zero; removed_raw_rows=5
2026-05-23T21:18:58+00:00,started,robot_substitution:cut:isr:910005,cut,isr,910005,stretch,,
2026-05-23T21:21:49+00:00,completed,robot_substitution:cut:isr:910005,cut,isr,910005,stretch,0,
2026-05-23T21:21:49+00:00,started,robot_substitution:cut:kitchen:910001,cut,kitchen,910001,stretch,,
2026-05-23T21:23:42+00:00,completed,robot_substitution:cut:kitchen:910001,cut,kitchen,910001,stretch,0,
2026-05-23T21:23:42+00:00,started,robot_substitution:cut:kitchen:910002,cut,kitchen,910002,stretch,,
2026-05-23T21:25:20+00:00,completed,robot_substitution:cut:kitchen:910002,cut,kitchen,910002,stretch,0,
2026-05-23T21:25:20+00:00,started,robot_substitution:cut:kitchen:910003,cut,kitchen,910003,stretch,,
2026-05-23T21:27:22+00:00,completed,robot_substitution:cut:kitchen:910003,cut,kitchen,910003,stretch,0,
2026-05-23T21:27:22+00:00,started,robot_substitution:cut:kitchen:910004,cut,kitchen,910004,stretch,,
2026-05-23T21:29:17+00:00,completed,robot_substitution:cut:kitchen:910004,cut,kitchen,910004,stretch,0,
2026-05-23T21:29:17+00:00,started,robot_substitution:cut:kitchen:910005,cut,kitchen,910005,stretch,,
2026-05-23T21:30:29+00:00,completed,robot_substitution:cut:kitchen:910005,cut,kitchen,910005,stretch,0,
2026-05-23T21:30:29+00:00,started,robot_substitution:wipe:apartment:910001,wipe,apartment,910001,stretch,,
2026-05-23T21:47:01+00:00,completed,robot_substitution:wipe:apartment:910001,wipe,apartment,910001,stretch,0,
2026-05-23T21:47:01+00:00,started,robot_substitution:wipe:apartment:910002,wipe,apartment,910002,stretch,,
2026-05-23T22:04:29+00:00,completed,robot_substitution:wipe:apartment:910002,wipe,apartment,910002,stretch,0,
2026-05-23T22:04:29+00:00,started,robot_substitution:wipe:apartment:910003,wipe,apartment,910003,stretch,,
2026-05-23T22:20:32+00:00,completed,robot_substitution:wipe:apartment:910003,wipe,apartment,910003,stretch,0,
2026-05-23T22:20:32+00:00,started,robot_substitution:wipe:apartment:910004,wipe,apartment,910004,stretch,,
2026-05-23T22:36:38+00:00,completed,robot_substitution:wipe:apartment:910004,wipe,apartment,910004,stretch,0,
2026-05-23T22:36:38+00:00,started,robot_substitution:wipe:apartment:910005,wipe,apartment,910005,stretch,,
2026-05-23T22:51:28+00:00,completed,robot_substitution:wipe:apartment:910005,wipe,apartment,910005,stretch,0,
2026-05-23T22:51:28+00:00,started,robot_substitution:wipe:isr:910001,wipe,isr,910001,stretch,,
2026-05-23T22:54:08+00:00,completed,robot_substitution:wipe:isr:910001,wipe,isr,910001,stretch,0,
2026-05-23T22:54:08+00:00,started,robot_substitution:wipe:isr:910002,wipe,isr,910002,stretch,,
2026-05-23T22:56:56+00:00,completed,robot_substitution:wipe:isr:910002,wipe,isr,910002,stretch,0,
2026-05-23T22:56:56+00:00,started,robot_substitution:wipe:isr:910003,wipe,isr,910003,stretch,,
2026-05-23T22:59:46+00:00,completed,robot_substitution:wipe:isr:910003,wipe,isr,910003,stretch,0,
2026-05-23T22:59:46+00:00,started,robot_substitution:wipe:isr:910004,wipe,isr,910004,stretch,,
2026-05-23T23:02:28+00:00,completed,robot_substitution:wipe:isr:910004,wipe,isr,910004,stretch,0,
2026-05-23T23:02:28+00:00,started,robot_substitution:wipe:isr:910005,wipe,isr,910005,stretch,,
2026-05-23T23:05:11+00:00,completed,robot_substitution:wipe:isr:910005,wipe,isr,910005,stretch,0,
2026-05-23T23:05:11+00:00,started,robot_substitution:wipe:kitchen:910001,wipe,kitchen,910001,stretch,,
2026-05-23T23:07:57+00:00,completed,robot_substitution:wipe:kitchen:910001,wipe,kitchen,910001,stretch,0,
2026-05-23T23:07:57+00:00,started,robot_substitution:wipe:kitchen:910002,wipe,kitchen,910002,stretch,,
2026-05-23T23:10:50+00:00,completed,robot_substitution:wipe:kitchen:910002,wipe,kitchen,910002,stretch,0,
2026-05-23T23:10:50+00:00,started,robot_substitution:wipe:kitchen:910003,wipe,kitchen,910003,stretch,,
2026-05-23T23:13:35+00:00,completed,robot_substitution:wipe:kitchen:910003,wipe,kitchen,910003,stretch,0,
2026-05-23T23:13:35+00:00,started,robot_substitution:wipe:kitchen:910004,wipe,kitchen,910004,stretch,,
2026-05-23T23:17:00+00:00,completed,robot_substitution:wipe:kitchen:910004,wipe,kitchen,910004,stretch,0,
2026-05-23T23:17:00+00:00,started,robot_substitution:wipe:kitchen:910005,wipe,kitchen,910005,stretch,,
2026-05-23T23:19:50+00:00,completed,robot_substitution:wipe:kitchen:910005,wipe,kitchen,910005,stretch,0,
2026-05-24T08:52:15+00:00,started,robot_substitution:cut:apartment:910002,cut,apartment,910002,armar7,,
2026-05-24T08:53:45+00:00,started,robot_substitution:cut:apartment:910002,cut,apartment,910002,armar7,,
2026-05-24T08:54:31+00:00,started,robot_substitution:cut:apartment:910002,cut,apartment,910002,armar7,,
2026-05-24T08:54:41+00:00,started,robot_substitution:cut:apartment:910002,cut,apartment,910002,armar7,,
2026-05-24T08:55:28+00:00,started,robot_substitution:cut:apartment:910002,cut,apartment,910002,armar7,,
2026-05-24T09:03:10+00:00,started,robot_substitution:pour:apartment:910001,pour,apartment,910001,tiago,,
2026-05-24T09:14:15+00:00,started,robot_substitution:pour:apartment:910001,pour,apartment,910001,tiago,,
2026-05-24T09:15:08+00:00,started,robot_substitution:pour:apartment:910001,pour,apartment,910001,pr2,,
2026-05-24T09:16:59+00:00,started,robot_substitution:pour:apartment:910001,pour,apartment,910001,pr2,,
2026-05-24T09:18:06+00:00,started,robot_substitution:pour:apartment:910001,pour,apartment,910001,pr2,,
2026-05-24T09:19:01+00:00,started,robot_substitution:pour:apartment:910001,pour,apartment,910001,pr2,,
2026-05-24T09:19:53+00:00,started,robot_substitution:pour:apartment:910001,pour,apartment,910001,pr2,,
2026-05-24T09:20:38+00:00,started,robot_substitution:pour:apartment:910001,pour,apartment,910001,pr2,,
2026-05-24T09:22:41+00:00,started,robot_substitution:pour:apartment:910001,pour,apartment,910001,pr2,,
2026-05-24T09:23:36+00:00,started,robot_substitution:pour:apartment:910001,pour,apartment,910001,pr2,,
2026-05-24T09:23:59+00:00,started,robot_substitution:pour:apartment:910001,pour,apartment,910001,pr2,,
2026-05-24T09:25:36+00:00,started,robot_substitution:pour:apartment:910001,pour,apartment,910001,pr2,,
2026-05-24T09:26:03+00:00,started,robot_substitution:pour:apartment:910001,pour,apartment,910001,pr2,,
