event_id,turbine_id,anomaly_label,description,total_snapshots,flagged_snapshots,primary_cause,observed_value,interventional_probability,recommended_lower_bound,recommended_upper_bound,recommended_target,recommended_region_probability
tiago__bread_0001__910001,tiago,1,perturbation_rotate_z_180deg,3,3,object_yaw_rad,-0.8237,0.054978,-3.1289,3.1385,0.0048,0.028632
tiago__bread_0005__910001,tiago,1,perturbation_rotate_z_180deg,2,2,object_yaw_rad,-0.6139,0.077748,-3.1289,3.1385,0.0048,0.028632
tiago__bread_0006__910001,tiago,1,perturbation_rotate_z_180deg,2,1,object_yaw_rad,2.9213,0.020018,-3.1289,3.1385,0.0048,0.028632
tiago__bread_0007__910001,tiago,1,perturbation_rotate_z_180deg,2,2,object_yaw_rad,-0.2347,0.069163,-3.1289,3.1385,0.0048,0.028632
tiago__bread_0010__910001,tiago,1,perturbation_rotate_z_180deg,1,1,object_yaw_rad,-1.6837,0.072227,-3.1289,3.1385,0.0048,0.028632
tiago__bread_0011__910001,tiago,1,perturbation_rotate_z_180deg,2,1,object_yaw_rad,-1.8492,0.041476,-3.1289,3.1385,0.0048,0.028632
tiago__bread_0014__910001,tiago,0,perturbation_rotate_z_90deg,1,1,object_yaw_rad,-0.5637,0.081551,-3.1289,3.1385,0.0048,0.028632
tiago__bread_0015__910001,tiago,1,perturbation_rotate_z_180deg,2,2,object_yaw_rad,0.1493,0.024991,-3.1289,3.1385,0.0048,0.028632
rollin_justin__bread_0007__910001,rollin_justin,1,perturbation_rotate_z_180deg,1,1,object_yaw_rad,-0.435,0.079137,-3.1289,3.1385,0.0048,0.028632
rollin_justin__bread_0010__910001,rollin_justin,1,perturbation_rotate_z_180deg,1,1,object_yaw_rad,-1.6837,0.072227,-3.1289,3.1385,0.0048,0.028632
rollin_justin__bread_0015__910001,rollin_justin,1,perturbation_rotate_z_180deg,2,1,object_yaw_rad,0.3437,0.058417,-3.1289,3.1385,0.0048,0.028632
stretch__bread_0005__910001,stretch,1,perturbation_rotate_z_180deg,3,3,object_yaw_rad,-0.8299,0.054286,-3.1289,3.1385,0.0048,0.028632
stretch__bread_0006__910001,stretch,1,perturbation_rotate_z_180deg,2,1,object_yaw_rad,2.9213,0.020018,-3.1289,3.1385,0.0048,0.028632
stretch__bread_0007__910001,stretch,1,perturbation_rotate_z_180deg,2,2,object_yaw_rad,0.5507,0.060792,-3.1289,3.1385,0.0048,0.028632
stretch__bread_0008__910001,stretch,1,perturbation_rotate_z_180deg,2,2,object_yaw_rad,-0.9209,0.05279,-3.1289,3.1385,0.0048,0.028632
stretch__bread_0009__910001,stretch,1,perturbation_rotate_z_180deg,2,2,object_yaw_rad,-0.4219,0.078658,-3.1289,3.1385,0.0048,0.028632
stretch__bread_0010__910001,stretch,1,perturbation_rotate_z_180deg,1,1,object_yaw_rad,-1.6837,0.072227,-3.1289,3.1385,0.0048,0.028632
stretch__bread_0011__910001,stretch,1,perturbation_rotate_z_180deg,2,2,object_yaw_rad,-1.7397,0.061021,-3.1289,3.1385,0.0048,0.028632
stretch__bread_0012__910001,stretch,1,perturbation_rotate_z_180deg,2,2,object_yaw_rad,0.3952,0.06918,-3.1289,3.1385,0.0048,0.028632
stretch__bread_0015__910001,stretch,1,perturbation_rotate_z_180deg,2,2,object_yaw_rad,0.9347,0.030759,-3.1289,3.1385,0.0048,0.028632
hsrb__bread_0001__910001,hsrb,1,perturbation_rotate_z_180deg,3,3,object_yaw_rad,-0.8237,0.054978,-3.1289,3.1385,0.0048,0.028632
hsrb__bread_0002__910001,hsrb,1,perturbation_rotate_z_180deg,3,3,object_yaw_rad,-0.2252,0.067555,-3.1289,3.1385,0.0048,0.028632
hsrb__bread_0003__910001,hsrb,1,perturbation_rotate_z_180deg,3,3,object_yaw_rad,-0.5263,0.082482,-3.1289,3.1385,0.0048,0.028632
hsrb__bread_0004__910001,hsrb,1,perturbation_rotate_z_180deg,2,2,object_yaw_rad,0.6884,0.032252,-3.1289,3.1385,0.0048,0.028632
hsrb__bread_0005__910001,hsrb,1,perturbation_rotate_z_180deg,2,2,object_yaw_rad,0.1715,0.025659,-3.1289,3.1385,0.0048,0.028632
hsrb__bread_0006__910001,hsrb,1,perturbation_rotate_z_180deg,2,1,object_yaw_rad,2.9213,0.020018,-3.1289,3.1385,0.0048,0.028632
hsrb__bread_0007__910001,hsrb,1,perturbation_rotate_z_180deg,1,1,object_yaw_rad,-0.435,0.079137,-3.1289,3.1385,0.0048,0.028632
hsrb__bread_0008__910001,hsrb,1,perturbation_rotate_z_180deg,2,2,object_yaw_rad,-0.9209,0.05279,-3.1289,3.1385,0.0048,0.028632
hsrb__bread_0009__910001,hsrb,1,perturbation_rotate_z_180deg,2,2,object_yaw_rad,-0.4219,0.078658,-3.1289,3.1385,0.0048,0.028632
hsrb__bread_0010__910001,hsrb,1,perturbation_rotate_z_180deg,1,1,object_yaw_rad,-1.6837,0.072227,-3.1289,3.1385,0.0048,0.028632
hsrb__bread_0011__910001,hsrb,1,perturbation_rotate_z_180deg,2,1,object_yaw_rad,-1.8492,0.041476,-3.1289,3.1385,0.0048,0.028632
hsrb__bread_0012__910001,hsrb,1,perturbation_rotate_z_180deg,2,2,object_yaw_rad,0.3952,0.06918,-3.1289,3.1385,0.0048,0.028632
hsrb__bread_0013__910001,hsrb,1,perturbation_rotate_z_180deg,2,2,object_yaw_rad,-0.8445,0.05279,-3.1289,3.1385,0.0048,0.028632
hsrb__bread_0014__910001,hsrb,1,perturbation_rotate_z_180deg,1,1,object_yaw_rad,1.0071,0.034753,-3.1289,3.1385,0.0048,0.028632
hsrb__bread_0015__910001,hsrb,1,perturbation_rotate_z_180deg,2,1,object_yaw_rad,0.3437,0.058417,-3.1289,3.1385,0.0048,0.028632
pr2__bread_0005__910001,pr2,1,perturbation_rotate_z_180deg,2,2,object_yaw_rad,0.1715,0.025659,-3.1289,3.1385,0.0048,0.028632
pr2__bread_0006__910001,pr2,1,perturbation_rotate_z_180deg,2,1,object_yaw_rad,2.9213,0.020018,-3.1289,3.1385,0.0048,0.028632
pr2__bread_0007__910001,pr2,1,perturbation_rotate_z_180deg,2,2,object_yaw_rad,-0.2347,0.069163,-3.1289,3.1385,0.0048,0.028632
pr2__bread_0010__910001,pr2,1,perturbation_rotate_z_180deg,1,1,object_yaw_rad,-1.6837,0.072227,-3.1289,3.1385,0.0048,0.028632
pr2__bread_0011__910001,pr2,0,perturbation_rotate_z_180deg,1,1,object_yaw_rad,-1.8492,0.041476,-3.1289,3.1385,0.0048,0.028632
pr2__bread_0015__910001,pr2,1,perturbation_rotate_z_180deg,2,1,object_yaw_rad,0.3437,0.058417,-3.1289,3.1385,0.0048,0.028632
armar7__bread_0001__910001,armar7,1,perturbation_rotate_z_180deg,3,2,object_yaw_rad,0.2237,0.033312,-3.1289,3.1385,0.0048,0.028632
armar7__bread_0003__910001,armar7,1,perturbation_rotate_z_180deg,3,3,object_yaw_rad,1.0444,0.036813,-3.1289,3.1385,0.0048,0.028632
armar7__bread_0005__910001,armar7,1,perturbation_rotate_z_180deg,3,3,object_yaw_rad,-0.8299,0.054286,-3.1289,3.1385,0.0048,0.028632
armar7__bread_0006__910001,armar7,1,perturbation_rotate_z_180deg,2,2,object_yaw_rad,1.8921,0.049251,-3.1289,3.1385,0.0048,0.028632
armar7__bread_0007__910001,armar7,1,perturbation_rotate_z_180deg,2,2,object_yaw_rad,0.5507,0.060792,-3.1289,3.1385,0.0048,0.028632
armar7__bread_0008__910001,armar7,1,perturbation_rotate_z_180deg,2,2,object_yaw_rad,-0.9209,0.05279,-3.1289,3.1385,0.0048,0.028632
armar7__bread_0010__910001,armar7,1,perturbation_rotate_z_180deg,1,1,object_yaw_rad,-1.6837,0.072227,-3.1289,3.1385,0.0048,0.028632
armar7__bread_0011__910001,armar7,1,perturbation_rotate_z_180deg,2,2,object_yaw_rad,0.6165,0.047167,-3.1289,3.1385,0.0048,0.028632
armar7__bread_0012__910001,armar7,1,perturbation_rotate_z_180deg,1,1,object_yaw_rad,-0.2721,0.075491,-3.1289,3.1385,0.0048,0.028632
armar7__bread_0013__910001,armar7,1,perturbation_rotate_z_180deg,2,2,object_yaw_rad,-0.8445,0.05279,-3.1289,3.1385,0.0048,0.028632
armar7__bread_0014__910001,armar7,1,perturbation_rotate_z_180deg,2,2,object_yaw_rad,-1.0013,0.05279,-3.1289,3.1385,0.0048,0.028632
armar7__bread_0015__910001,armar7,1,perturbation_rotate_z_180deg,2,2,object_yaw_rad,0.1493,0.024991,-3.1289,3.1385,0.0048,0.028632
unitree_g1__bread_0004__910001,unitree_g1,1,perturbation_rotate_z_180deg,2,2,object_yaw_rad,0.6884,0.032252,-3.1289,3.1385,0.0048,0.028632
unitree_g1__bread_0005__910001,unitree_g1,1,perturbation_rotate_z_180deg,2,2,object_yaw_rad,0.1715,0.025659,-3.1289,3.1385,0.0048,0.028632
unitree_g1__bread_0006__910001,unitree_g1,1,perturbation_rotate_z_180deg,2,2,object_yaw_rad,1.8921,0.049251,-3.1289,3.1385,0.0048,0.028632
unitree_g1__bread_0007__910001,unitree_g1,1,perturbation_rotate_z_180deg,1,1,object_yaw_rad,-0.435,0.079137,-3.1289,3.1385,0.0048,0.028632
unitree_g1__bread_0008__910001,unitree_g1,0,perturbation_rotate_z_180deg,1,1,object_yaw_rad,-1.6412,0.080738,-3.1289,3.1385,0.0048,0.028632
unitree_g1__bread_0010__910001,unitree_g1,1,perturbation_rotate_z_180deg,1,1,object_yaw_rad,-1.6837,0.072227,-3.1289,3.1385,0.0048,0.028632
unitree_g1__bread_0011__910001,unitree_g1,1,perturbation_rotate_z_180deg,2,1,object_yaw_rad,-1.8492,0.041476,-3.1289,3.1385,0.0048,0.028632
unitree_g1__bread_0015__910001,unitree_g1,1,perturbation_rotate_z_180deg,2,1,object_yaw_rad,0.3437,0.058417,-3.1289,3.1385,0.0048,0.028632
tiago__bread_0002__910002,tiago,1,perturbation_rotate_z_180deg,3,3,object_yaw_rad,1.1999,0.041838,-3.1289,3.1385,0.0048,0.028632
tiago__bread_0003__910002,tiago,0,perturbation_rotate_z_180deg,1,1,object_yaw_rad,-2.5463,0.070032,-3.1289,3.1385,0.0048,0.028632
tiago__bread_0005__910002,tiago,1,perturbation_rotate_z_180deg,1,1,object_yaw_rad,-1.3169,0.056167,-3.1289,3.1385,0.0048,0.028632
tiago__bread_0006__910002,tiago,1,perturbation_rotate_z_180deg,2,1,object_yaw_rad,-0.4085,0.078165,-3.1289,3.1385,0.0048,0.028632
tiago__bread_0007__910002,tiago,1,perturbation_rotate_z_180deg,1,1,object_yaw_rad,-0.6539,0.074048,-3.1289,3.1385,0.0048,0.028632
tiago__bread_0008__910002,tiago,1,perturbation_rotate_z_180deg,2,2,object_yaw_rad,-1.9894,0.055589,-3.1289,3.1385,0.0048,0.028632
tiago__bread_0009__910002,tiago,1,perturbation_rotate_z_180deg,2,2,object_yaw_rad,0.8797,0.027727,-3.1289,3.1385,0.0048,0.028632
tiago__bread_0012__910002,tiago,0,perturbation_rotate_z_90deg,2,2,object_yaw_rad,0.3338,0.05633,-3.1289,3.1385,0.0048,0.028632
tiago__bread_0013__910002,tiago,1,perturbation_rotate_z_180deg,2,2,object_yaw_rad,-0.9352,0.05279,-3.1289,3.1385,0.0048,0.028632
tiago__bread_0014__910002,tiago,1,perturbation_rotate_z_180deg,2,2,object_yaw_rad,1.6699,0.028709,-3.1289,3.1385,0.0048,0.028632
rollin_justin__bread_0003__910002,rollin_justin,0,perturbation_rotate_z_180deg,2,2,object_yaw_rad,-1.0475,0.05279,-3.1289,3.1385,0.0048,0.028632
rollin_justin__bread_0005__910002,rollin_justin,0,perturbation_rotate_z_180deg,1,1,object_yaw_rad,-1.3169,0.056167,-3.1289,3.1385,0.0048,0.028632
rollin_justin__bread_0006__910002,rollin_justin,1,perturbation_rotate_z_180deg,2,1,object_yaw_rad,-0.4085,0.078165,-3.1289,3.1385,0.0048,0.028632
rollin_justin__bread_0008__910002,rollin_justin,1,perturbation_rotate_z_180deg,2,2,object_yaw_rad,-1.9894,0.055589,-3.1289,3.1385,0.0048,0.028632
rollin_justin__bread_0009__910002,rollin_justin,0,perturbation_rotate_z_180deg,2,2,object_yaw_rad,0.8797,0.027727,-3.1289,3.1385,0.0048,0.028632
stretch__bread_0002__910002,stretch,1,perturbation_rotate_z_180deg,2,1,object_yaw_rad,0.7167,0.026388,-3.1289,3.1385,0.0048,0.028632
stretch__bread_0003__910002,stretch,1,perturbation_rotate_z_180deg,2,2,object_yaw_rad,-0.2621,0.073807,-3.1289,3.1385,0.0048,0.028632
stretch__bread_0004__910002,stretch,1,perturbation_rotate_z_180deg,3,3,object_yaw_rad,0.7027,0.029284,-3.1289,3.1385,0.0048,0.028632
stretch__bread_0005__910002,stretch,1,perturbation_rotate_z_180deg,2,2,object_yaw_rad,-0.3608,0.076421,-3.1289,3.1385,0.0048,0.028632
stretch__bread_0006__910002,stretch,1,perturbation_rotate_z_180deg,1,1,object_yaw_rad,-0.4085,0.078165,-3.1289,3.1385,0.0048,0.028632
stretch__bread_0007__910002,stretch,1,perturbation_rotate_z_180deg,2,2,object_yaw_rad,-1.6418,0.080609,-3.1289,3.1385,0.0048,0.028632
stretch__bread_0008__910002,stretch,1,perturbation_rotate_z_180deg,2,2,object_yaw_rad,-1.9894,0.055589,-3.1289,3.1385,0.0048,0.028632
stretch__bread_0009__910002,stretch,1,perturbation_rotate_z_180deg,2,2,object_yaw_rad,0.8797,0.027727,-3.1289,3.1385,0.0048,0.028632
stretch__bread_0010__910002,stretch,1,perturbation_rotate_z_180deg,1,1,object_yaw_rad,0.6464,0.040962,-3.1289,3.1385,0.0048,0.028632
stretch__bread_0011__910002,stretch,1,perturbation_rotate_z_180deg,2,2,object_yaw_rad,-2.3513,0.09558,-3.1289,3.1385,0.0048,0.028632
stretch__bread_0012__910002,stretch,1,perturbation_rotate_z_180deg,2,2,object_yaw_rad,1.1192,0.040932,-3.1289,3.1385,0.0048,0.028632
stretch__bread_0013__910002,stretch,1,perturbation_rotate_z_180deg,2,2,object_yaw_rad,-0.9352,0.05279,-3.1289,3.1385,0.0048,0.028632
stretch__bread_0014__910002,stretch,1,perturbation_rotate_z_180deg,2,2,object_yaw_rad,1.6699,0.028709,-3.1289,3.1385,0.0048,0.028632
hsrb__bread_0001__910002,hsrb,1,perturbation_rotate_z_180deg,3,3,object_yaw_rad,-0.0558,0.038888,-3.1289,3.1385,0.0048,0.028632
hsrb__bread_0002__910002,hsrb,1,perturbation_rotate_z_180deg,3,3,object_yaw_rad,1.1999,0.041838,-3.1289,3.1385,0.0048,0.028632
hsrb__bread_0003__910002,hsrb,1,perturbation_rotate_z_180deg,3,1,object_yaw_rad,-2.5463,0.070032,-3.1289,3.1385,0.0048,0.028632
hsrb__bread_0004__910002,hsrb,1,perturbation_rotate_z_180deg,2,2,object_yaw_rad,2.4074,0.024086,-3.1289,3.1385,0.0048,0.028632
hsrb__bread_0005__910002,hsrb,1,perturbation_rotate_z_180deg,1,1,object_yaw_rad,-1.3169,0.056167,-3.1289,3.1385,0.0048,0.028632
hsrb__bread_0006__910002,hsrb,1,perturbation_rotate_z_180deg,1,1,object_yaw_rad,-0.4085,0.078165,-3.1289,3.1385,0.0048,0.028632
hsrb__bread_0007__910002,hsrb,1,perturbation_rotate_z_180deg,2,2,object_yaw_rad,-1.6418,0.080609,-3.1289,3.1385,0.0048,0.028632
hsrb__bread_0008__910002,hsrb,1,perturbation_rotate_z_180deg,2,2,object_yaw_rad,-1.9894,0.055589,-3.1289,3.1385,0.0048,0.028632
hsrb__bread_0009__910002,hsrb,1,perturbation_rotate_z_180deg,2,2,object_yaw_rad,0.8797,0.027727,-3.1289,3.1385,0.0048,0.028632
hsrb__bread_0010__910002,hsrb,1,perturbation_rotate_z_180deg,2,2,object_yaw_rad,0.9445,0.031299,-3.1289,3.1385,0.0048,0.028632
hsrb__bread_0011__910002,hsrb,1,perturbation_rotate_z_180deg,2,2,object_yaw_rad,-2.3513,0.09558,-3.1289,3.1385,0.0048,0.028632
hsrb__bread_0012__910002,hsrb,1,perturbation_rotate_z_180deg,2,2,object_yaw_rad,1.1192,0.040932,-3.1289,3.1385,0.0048,0.028632
hsrb__bread_0013__910002,hsrb,1,perturbation_rotate_z_180deg,2,2,object_yaw_rad,-0.9352,0.05279,-3.1289,3.1385,0.0048,0.028632
hsrb__bread_0014__910002,hsrb,1,perturbation_rotate_z_180deg,2,2,object_yaw_rad,1.6699,0.028709,-3.1289,3.1385,0.0048,0.028632
pr2__bread_0005__910002,pr2,1,perturbation_rotate_z_180deg,1,1,object_yaw_rad,-1.3169,0.056167,-3.1289,3.1385,0.0048,0.028632
pr2__bread_0006__910002,pr2,1,perturbation_rotate_z_180deg,2,2,object_yaw_rad,-0.7447,0.063858,-3.1289,3.1385,0.0048,0.028632
pr2__bread_0013__910002,pr2,1,perturbation_rotate_z_180deg,1,1,object_yaw_rad,0.6393,0.042441,-3.1289,3.1385,0.0048,0.028632
pr2__bread_0014__910002,pr2,1,perturbation_rotate_z_180deg,1,1,object_yaw_rad,0.4758,0.073821,-3.1289,3.1385,0.0048,0.028632
armar7__bread_0003__910002,armar7,1,perturbation_rotate_z_180deg,3,3,object_yaw_rad,-0.7769,0.060239,-3.1289,3.1385,0.0048,0.028632
armar7__bread_0005__910002,armar7,1,perturbation_rotate_z_180deg,1,1,object_yaw_rad,-1.3169,0.056167,-3.1289,3.1385,0.0048,0.028632
armar7__bread_0006__910002,armar7,1,perturbation_rotate_z_180deg,2,2,object_yaw_rad,-0.7447,0.063858,-3.1289,3.1385,0.0048,0.028632
armar7__bread_0007__910002,armar7,1,perturbation_rotate_z_180deg,2,2,object_yaw_rad,-1.6418,0.080609,-3.1289,3.1385,0.0048,0.028632
armar7__bread_0008__910002,armar7,1,perturbation_rotate_z_180deg,2,2,object_yaw_rad,-1.9894,0.055589,-3.1289,3.1385,0.0048,0.028632
armar7__bread_0009__910002,armar7,1,perturbation_rotate_z_180deg,2,2,object_yaw_rad,0.8797,0.027727,-3.1289,3.1385,0.0048,0.028632
armar7__bread_0011__910002,armar7,1,perturbation_rotate_z_180deg,2,2,object_yaw_rad,-2.3513,0.09558,-3.1289,3.1385,0.0048,0.028632
armar7__bread_0012__910002,armar7,0,perturbation_rotate_z_180deg,2,2,object_yaw_rad,1.1192,0.040932,-3.1289,3.1385,0.0048,0.028632
armar7__bread_0013__910002,armar7,1,perturbation_rotate_z_180deg,1,1,object_yaw_rad,0.6393,0.042441,-3.1289,3.1385,0.0048,0.028632
armar7__bread_0014__910002,armar7,1,perturbation_rotate_z_180deg,2,2,object_yaw_rad,1.6699,0.028709,-3.1289,3.1385,0.0048,0.028632
unitree_g1__bread_0001__910002,unitree_g1,0,perturbation_rotate_z_90deg,3,3,object_yaw_rad,-0.5794,0.080362,-3.1289,3.1385,0.0048,0.028632
unitree_g1__bread_0003__910002,unitree_g1,0,perturbation_rotate_z_180deg,2,2,object_yaw_rad,-0.2621,0.073807,-3.1289,3.1385,0.0048,0.028632
unitree_g1__bread_0005__910002,unitree_g1,1,perturbation_rotate_z_180deg,1,1,object_yaw_rad,-1.3169,0.056167,-3.1289,3.1385,0.0048,0.028632
unitree_g1__bread_0006__910002,unitree_g1,1,perturbation_rotate_z_180deg,2,1,object_yaw_rad,-0.4085,0.078165,-3.1289,3.1385,0.0048,0.028632
unitree_g1__bread_0008__910002,unitree_g1,1,perturbation_rotate_z_180deg,2,2,object_yaw_rad,-1.9894,0.055589,-3.1289,3.1385,0.0048,0.028632
unitree_g1__bread_0009__910002,unitree_g1,1,perturbation_rotate_z_180deg,2,2,object_yaw_rad,0.8797,0.027727,-3.1289,3.1385,0.0048,0.028632
unitree_g1__bread_0012__910002,unitree_g1,0,perturbation_rotate_z_180deg,2,2,object_yaw_rad,1.1192,0.040932,-3.1289,3.1385,0.0048,0.028632
unitree_g1__bread_0013__910002,unitree_g1,1,perturbation_rotate_z_180deg,2,2,object_yaw_rad,-0.9352,0.05279,-3.1289,3.1385,0.0048,0.028632
unitree_g1__bread_0014__910002,unitree_g1,1,perturbation_rotate_z_180deg,1,1,object_yaw_rad,0.4758,0.073821,-3.1289,3.1385,0.0048,0.028632
tiago__bread_0003__910003,tiago,0,perturbation_rotate_z_180deg,3,3,object_yaw_rad,0.0227,0.025603,-3.1289,3.1385,0.0048,0.028632
tiago__bread_0004__910003,tiago,1,perturbation_rotate_z_180deg,2,2,object_yaw_rad,-2.0912,0.073116,-3.1289,3.1385,0.0048,0.028632
tiago__bread_0005__910003,tiago,1,perturbation_rotate_z_180deg,2,2,object_yaw_rad,2.8484,0.022538,-3.1289,3.1385,0.0048,0.028632
tiago__bread_0006__910003,tiago,1,perturbation_rotate_z_180deg,2,2,object_yaw_rad,-1.1605,0.04977,-3.1289,3.1385,0.0048,0.028632
tiago__bread_0007__910003,tiago,1,perturbation_rotate_z_180deg,2,2,object_yaw_rad,-1.3328,0.058086,-3.1289,3.1385,0.0048,0.028632
tiago__bread_0008__910003,tiago,1,perturbation_rotate_z_180deg,1,1,object_yaw_rad,2.6573,0.024086,-3.1289,3.1385,0.0048,0.028632
tiago__bread_0009__910003,tiago,1,perturbation_rotate_z_180deg,2,2,object_yaw_rad,0.5777,0.055205,-3.1289,3.1385,0.0048,0.028632
tiago__bread_0010__910003,tiago,1,perturbation_rotate_z_180deg,1,1,object_yaw_rad,1.6534,0.027151,-3.1289,3.1385,0.0048,0.028632
tiago__bread_0011__910003,tiago,1,perturbation_rotate_z_180deg,2,2,object_yaw_rad,1.7201,0.034065,-3.1289,3.1385,0.0048,0.028632
tiago__bread_0012__910003,tiago,1,perturbation_rotate_z_180deg,2,2,object_yaw_rad,1.6138,0.026171,-3.1289,3.1385,0.0048,0.028632
tiago__bread_0014__910003,tiago,1,perturbation_rotate_z_180deg,2,2,object_yaw_rad,2.5337,0.024086,-3.1289,3.1385,0.0048,0.028632
tiago__bread_0017__910003,tiago,1,perturbation_rotate_z_180deg,1,1,object_yaw_rad,-2.4821,0.085463,-3.1289,3.1385,0.0048,0.028632
tiago__bread_0018__910003,tiago,1,perturbation_rotate_z_180deg,1,1,object_yaw_rad,-0.6566,0.073747,-3.1289,3.1385,0.0048,0.028632
rollin_justin__bread_0004__910003,rollin_justin,1,perturbation_rotate_z_180deg,2,2,object_yaw_rad,-1.4158,0.068134,-3.1289,3.1385,0.0048,0.028632
rollin_justin__bread_0005__910003,rollin_justin,1,perturbation_rotate_z_180deg,2,2,object_yaw_rad,2.8484,0.022538,-3.1289,3.1385,0.0048,0.028632
rollin_justin__bread_0008__910003,rollin_justin,1,perturbation_rotate_z_180deg,1,1,object_yaw_rad,2.6573,0.024086,-3.1289,3.1385,0.0048,0.028632
rollin_justin__bread_0009__910003,rollin_justin,0,perturbation_rotate_z_90deg,2,2,object_yaw_rad,2.9339,0.019582,-3.1289,3.1385,0.0048,0.028632
rollin_justin__bread_0010__910003,rollin_justin,1,perturbation_rotate_z_180deg,1,1,object_yaw_rad,1.6534,0.027151,-3.1289,3.1385,0.0048,0.028632
rollin_justin__bread_0017__910003,rollin_justin,0,perturbation_rotate_z_180deg,1,1,object_yaw_rad,-2.4821,0.085463,-3.1289,3.1385,0.0048,0.028632
rollin_justin__bread_0018__910003,rollin_justin,1,perturbation_rotate_z_180deg,1,1,object_yaw_rad,-0.6566,0.073747,-3.1289,3.1385,0.0048,0.028632
stretch__bread_0001__910003,stretch,1,perturbation_rotate_z_180deg,2,2,object_yaw_rad,1.4333,0.035483,-3.1289,3.1385,0.0048,0.028632
stretch__bread_0002__910003,stretch,1,perturbation_rotate_z_180deg,3,3,object_yaw_rad,-0.2523,0.072144,-3.1289,3.1385,0.0048,0.028632
stretch__bread_0003__910003,stretch,1,perturbation_rotate_z_180deg,3,3,object_yaw_rad,0.0227,0.025603,-3.1289,3.1385,0.0048,0.028632
stretch__bread_0004__910003,stretch,1,perturbation_rotate_z_180deg,3,3,object_yaw_rad,-1.4599,0.076432,-3.1289,3.1385,0.0048,0.028632
stretch__bread_0005__910003,stretch,1,perturbation_rotate_z_180deg,2,2,object_yaw_rad,2.8484,0.022538,-3.1289,3.1385,0.0048,0.028632
stretch__bread_0006__910003,stretch,1,perturbation_rotate_z_180deg,2,2,object_yaw_rad,-1.1605,0.04977,-3.1289,3.1385,0.0048,0.028632
stretch__bread_0007__910003,stretch,1,perturbation_rotate_z_180deg,2,2,object_yaw_rad,-1.3328,0.058086,-3.1289,3.1385,0.0048,0.028632
stretch__bread_0008__910003,stretch,1,perturbation_rotate_z_180deg,2,2,object_yaw_rad,1.7184,0.033885,-3.1289,3.1385,0.0048,0.028632
stretch__bread_0009__910003,stretch,1,perturbation_rotate_z_180deg,2,2,object_yaw_rad,0.5777,0.055205,-3.1289,3.1385,0.0048,0.028632
stretch__bread_0010__910003,stretch,1,perturbation_rotate_z_180deg,2,2,object_yaw_rad,-0.2282,0.068066,-3.1289,3.1385,0.0048,0.028632
stretch__bread_0011__910003,stretch,1,perturbation_rotate_z_180deg,2,2,object_yaw_rad,1.7201,0.034065,-3.1289,3.1385,0.0048,0.028632
stretch__bread_0012__910003,stretch,1,perturbation_rotate_z_180deg,2,2,object_yaw_rad,1.6138,0.026171,-3.1289,3.1385,0.0048,0.028632
stretch__bread_0013__910003,stretch,1,perturbation_rotate_z_180deg,2,2,object_yaw_rad,-0.2961,0.075497,-3.1289,3.1385,0.0048,0.028632
stretch__bread_0015__910003,stretch,1,perturbation_rotate_z_180deg,1,1,object_yaw_rad,1.8982,0.049251,-3.1289,3.1385,0.0048,0.028632
stretch__bread_0016__910003,stretch,1,perturbation_rotate_z_180deg,1,1,object_yaw_rad,1.0929,0.039485,-3.1289,3.1385,0.0048,0.028632
stretch__bread_0017__910003,stretch,1,perturbation_rotate_z_180deg,1,1,object_yaw_rad,-2.4821,0.085463,-3.1289,3.1385,0.0048,0.028632
stretch__bread_0018__910003,stretch,1,perturbation_rotate_z_180deg,1,1,object_yaw_rad,-0.6566,0.073747,-3.1289,3.1385,0.0048,0.028632
hsrb__bread_0001__910003,hsrb,1,perturbation_rotate_z_180deg,2,2,object_yaw_rad,1.4333,0.035483,-3.1289,3.1385,0.0048,0.028632
hsrb__bread_0002__910003,hsrb,1,perturbation_rotate_z_180deg,3,2,object_yaw_rad,-0.3847,0.077297,-3.1289,3.1385,0.0048,0.028632
hsrb__bread_0003__910003,hsrb,1,perturbation_rotate_z_180deg,3,2,object_yaw_rad,-0.3494,0.076003,-3.1289,3.1385,0.0048,0.028632
hsrb__bread_0004__910003,hsrb,1,perturbation_rotate_z_180deg,3,2,object_yaw_rad,-2.0912,0.073116,-3.1289,3.1385,0.0048,0.028632
hsrb__bread_0005__910003,hsrb,1,perturbation_rotate_z_180deg,2,2,object_yaw_rad,2.8484,0.022538,-3.1289,3.1385,0.0048,0.028632
hsrb__bread_0006__910003,hsrb,1,perturbation_rotate_z_180deg,2,2,object_yaw_rad,-1.1605,0.04977,-3.1289,3.1385,0.0048,0.028632
hsrb__bread_0007__910003,hsrb,1,perturbation_rotate_z_180deg,2,2,object_yaw_rad,-1.3328,0.058086,-3.1289,3.1385,0.0048,0.028632
hsrb__bread_0008__910003,hsrb,1,perturbation_rotate_z_180deg,1,1,object_yaw_rad,2.6573,0.024086,-3.1289,3.1385,0.0048,0.028632
hsrb__bread_0009__910003,hsrb,1,perturbation_rotate_z_180deg,2,2,object_yaw_rad,0.5777,0.055205,-3.1289,3.1385,0.0048,0.028632
hsrb__bread_0010__910003,hsrb,1,perturbation_rotate_z_180deg,1,1,object_yaw_rad,1.6534,0.027151,-3.1289,3.1385,0.0048,0.028632
hsrb__bread_0011__910003,hsrb,1,perturbation_rotate_z_180deg,2,2,object_yaw_rad,1.7201,0.034065,-3.1289,3.1385,0.0048,0.028632
hsrb__bread_0012__910003,hsrb,1,perturbation_rotate_z_180deg,2,2,object_yaw_rad,1.6138,0.026171,-3.1289,3.1385,0.0048,0.028632
hsrb__bread_0013__910003,hsrb,1,perturbation_rotate_z_180deg,2,1,object_yaw_rad,-0.6346,0.076182,-3.1289,3.1385,0.0048,0.028632
hsrb__bread_0014__910003,hsrb,1,perturbation_rotate_z_180deg,2,2,object_yaw_rad,2.5337,0.024086,-3.1289,3.1385,0.0048,0.028632
hsrb__bread_0015__910003,hsrb,1,perturbation_rotate_z_180deg,1,1,object_yaw_rad,1.8982,0.049251,-3.1289,3.1385,0.0048,0.028632
hsrb__bread_0016__910003,hsrb,1,perturbation_rotate_z_180deg,1,1,object_yaw_rad,1.0929,0.039485,-3.1289,3.1385,0.0048,0.028632
hsrb__bread_0017__910003,hsrb,1,perturbation_rotate_z_180deg,1,1,object_yaw_rad,-2.4821,0.085463,-3.1289,3.1385,0.0048,0.028632
hsrb__bread_0018__910003,hsrb,1,perturbation_rotate_z_180deg,1,1,object_yaw_rad,-0.6566,0.073747,-3.1289,3.1385,0.0048,0.028632
pr2__bread_0003__910003,pr2,0,perturbation_rotate_z_180deg,1,1,object_yaw_rad,-2.2023,0.081611,-3.1289,3.1385,0.0048,0.028632
pr2__bread_0004__910003,pr2,1,perturbation_rotate_z_180deg,2,1,object_yaw_rad,-2.6345,0.049415,-3.1289,3.1385,0.0048,0.028632
pr2__bread_0005__910003,pr2,1,perturbation_rotate_z_180deg,2,2,object_yaw_rad,2.8484,0.022538,-3.1289,3.1385,0.0048,0.028632
pr2__bread_0006__910003,pr2,1,perturbation_rotate_z_180deg,2,2,object_yaw_rad,-1.1605,0.04977,-3.1289,3.1385,0.0048,0.028632
pr2__bread_0007__910003,pr2,0,perturbation_rotate_z_180deg,2,2,object_yaw_rad,-1.3328,0.058086,-3.1289,3.1385,0.0048,0.028632
pr2__bread_0008__910003,pr2,1,perturbation_rotate_z_180deg,1,1,object_yaw_rad,2.6573,0.024086,-3.1289,3.1385,0.0048,0.028632
pr2__bread_0009__910003,pr2,1,perturbation_rotate_z_180deg,2,2,object_yaw_rad,0.5777,0.055205,-3.1289,3.1385,0.0048,0.028632
pr2__bread_0010__910003,pr2,1,perturbation_rotate_z_180deg,1,1,object_yaw_rad,1.6534,0.027151,-3.1289,3.1385,0.0048,0.028632
pr2__bread_0017__910003,pr2,1,perturbation_rotate_z_180deg,1,1,object_yaw_rad,-2.4821,0.085463,-3.1289,3.1385,0.0048,0.028632
pr2__bread_0018__910003,pr2,1,perturbation_rotate_z_180deg,1,1,object_yaw_rad,-0.6566,0.073747,-3.1289,3.1385,0.0048,0.028632
armar7__bread_0002__910003,armar7,1,perturbation_rotate_z_180deg,2,2,object_yaw_rad,-0.3847,0.077297,-3.1289,3.1385,0.0048,0.028632
armar7__bread_0003__910003,armar7,0,perturbation_rotate_z_180deg,3,3,object_yaw_rad,0.0227,0.025603,-3.1289,3.1385,0.0048,0.028632
armar7__bread_0004__910003,armar7,1,perturbation_rotate_z_180deg,3,2,object_yaw_rad,-2.0912,0.073116,-3.1289,3.1385,0.0048,0.028632
armar7__bread_0007__910003,armar7,1,perturbation_rotate_z_180deg,2,2,object_yaw_rad,-1.3328,0.058086,-3.1289,3.1385,0.0048,0.028632
armar7__bread_0008__910003,armar7,1,perturbation_rotate_z_180deg,1,1,object_yaw_rad,2.6573,0.024086,-3.1289,3.1385,0.0048,0.028632
armar7__bread_0009__910003,armar7,1,perturbation_rotate_z_180deg,2,2,object_yaw_rad,0.5777,0.055205,-3.1289,3.1385,0.0048,0.028632
armar7__bread_0010__910003,armar7,1,perturbation_rotate_z_180deg,2,2,object_yaw_rad,-0.2282,0.068066,-3.1289,3.1385,0.0048,0.028632
armar7__bread_0011__910003,armar7,1,perturbation_rotate_z_180deg,2,2,object_yaw_rad,1.7201,0.034065,-3.1289,3.1385,0.0048,0.028632
armar7__bread_0012__910003,armar7,1,perturbation_rotate_z_180deg,2,2,object_yaw_rad,1.6138,0.026171,-3.1289,3.1385,0.0048,0.028632
armar7__bread_0013__910003,armar7,1,perturbation_rotate_z_180deg,2,1,object_yaw_rad,-0.6346,0.076182,-3.1289,3.1385,0.0048,0.028632
armar7__bread_0014__910003,armar7,1,perturbation_rotate_z_180deg,2,2,object_yaw_rad,2.5337,0.024086,-3.1289,3.1385,0.0048,0.028632
armar7__bread_0015__910003,armar7,0,perturbation_rotate_z_90deg,1,1,object_yaw_rad,0.3274,0.054993,-3.1289,3.1385,0.0048,0.028632
armar7__bread_0017__910003,armar7,1,perturbation_rotate_z_180deg,1,1,object_yaw_rad,-2.4821,0.085463,-3.1289,3.1385,0.0048,0.028632
armar7__bread_0018__910003,armar7,1,perturbation_rotate_z_180deg,1,1,object_yaw_rad,-0.6566,0.073747,-3.1289,3.1385,0.0048,0.028632
unitree_g1__bread_0001__910003,unitree_g1,1,perturbation_rotate_z_180deg,2,2,object_yaw_rad,1.4333,0.035483,-3.1289,3.1385,0.0048,0.028632
unitree_g1__bread_0003__910003,unitree_g1,0,perturbation_rotate_z_180deg,2,1,object_yaw_rad,-2.2023,0.081611,-3.1289,3.1385,0.0048,0.028632
unitree_g1__bread_0004__910003,unitree_g1,1,perturbation_rotate_z_180deg,3,2,object_yaw_rad,-2.0912,0.073116,-3.1289,3.1385,0.0048,0.028632
unitree_g1__bread_0005__910003,unitree_g1,1,perturbation_rotate_z_180deg,2,1,object_yaw_rad,2.6348,0.024086,-3.1289,3.1385,0.0048,0.028632
unitree_g1__bread_0006__910003,unitree_g1,1,perturbation_rotate_z_180deg,2,2,object_yaw_rad,-1.1605,0.04977,-3.1289,3.1385,0.0048,0.028632
unitree_g1__bread_0007__910003,unitree_g1,1,perturbation_rotate_z_180deg,2,2,object_yaw_rad,-1.3328,0.058086,-3.1289,3.1385,0.0048,0.028632
unitree_g1__bread_0008__910003,unitree_g1,1,perturbation_rotate_z_180deg,1,1,object_yaw_rad,2.6573,0.024086,-3.1289,3.1385,0.0048,0.028632
unitree_g1__bread_0009__910003,unitree_g1,1,perturbation_rotate_z_180deg,2,2,object_yaw_rad,0.5777,0.055205,-3.1289,3.1385,0.0048,0.028632
unitree_g1__bread_0010__910003,unitree_g1,1,perturbation_rotate_z_180deg,1,1,object_yaw_rad,1.6534,0.027151,-3.1289,3.1385,0.0048,0.028632
unitree_g1__bread_0011__910003,unitree_g1,1,perturbation_rotate_z_180deg,1,1,object_yaw_rad,0.8581,0.026535,-3.1289,3.1385,0.0048,0.028632
unitree_g1__bread_0012__910003,unitree_g1,1,perturbation_rotate_z_180deg,2,2,object_yaw_rad,1.6138,0.026171,-3.1289,3.1385,0.0048,0.028632
unitree_g1__bread_0017__910003,unitree_g1,1,perturbation_rotate_z_180deg,1,1,object_yaw_rad,-2.4821,0.085463,-3.1289,3.1385,0.0048,0.028632
unitree_g1__bread_0018__910003,unitree_g1,1,perturbation_rotate_z_180deg,1,1,object_yaw_rad,-0.6566,0.073747,-3.1289,3.1385,0.0048,0.028632
tiago__bread_0003__910004,tiago,1,perturbation_rotate_z_180deg,2,2,object_yaw_rad,1.6931,0.03119,-3.1289,3.1385,0.0048,0.028632
tiago__bread_0004__910004,tiago,1,perturbation_rotate_z_180deg,2,2,object_yaw_rad,0.7187,0.025976,-3.1289,3.1385,0.0048,0.028632
tiago__bread_0005__910004,tiago,1,perturbation_rotate_z_180deg,2,2,object_yaw_rad,2.944,0.019233,-3.1289,3.1385,0.0048,0.028632
tiago__bread_0006__910004,tiago,1,perturbation_rotate_z_180deg,2,2,object_yaw_rad,-0.6945,0.069496,-3.1289,3.1385,0.0048,0.028632
tiago__bread_0008__910004,tiago,1,perturbation_rotate_z_180deg,2,2,object_yaw_rad,-0.3485,0.075969,-3.1289,3.1385,0.0048,0.028632
tiago__bread_0009__910004,tiago,1,perturbation_rotate_z_180deg,2,2,object_yaw_rad,-1.4226,0.069205,-3.1289,3.1385,0.0048,0.028632
tiago__bread_0010__910004,tiago,1,perturbation_rotate_z_180deg,1,1,object_yaw_rad,-2.0656,0.068715,-3.1289,3.1385,0.0048,0.028632
tiago__bread_0011__910004,tiago,1,perturbation_rotate_z_180deg,2,2,object_yaw_rad,-1.309,0.055211,-3.1289,3.1385,0.0048,0.028632
tiago__bread_0013__910004,tiago,1,perturbation_rotate_z_180deg,2,1,object_yaw_rad,-2.784,0.036575,-3.1289,3.1385,0.0048,0.028632
tiago__bread_0014__910004,tiago,1,perturbation_rotate_z_180deg,2,2,object_yaw_rad,0.4679,0.074045,-3.1289,3.1385,0.0048,0.028632
tiago__bread_0016__910004,tiago,1,perturbation_rotate_z_180deg,1,1,object_yaw_rad,-1.1413,0.051174,-3.1289,3.1385,0.0048,0.028632
tiago__bread_0018__910004,tiago,1,perturbation_rotate_z_180deg,1,1,object_yaw_rad,-2.6693,0.04177,-3.1289,3.1385,0.0048,0.028632
rollin_justin__bread_0006__910004,rollin_justin,1,perturbation_rotate_z_180deg,1,1,object_yaw_rad,-3.0511,0.023622,-3.1289,3.1385,0.0048,0.028632
rollin_justin__bread_0007__910004,rollin_justin,0,perturbation_rotate_z_180deg,2,1,object_yaw_rad,-1.5833,0.089089,-3.1289,3.1385,0.0048,0.028632
rollin_justin__bread_0008__910004,rollin_justin,0,perturbation_rotate_z_90deg,1,1,object_yaw_rad,2.9969,0.017025,-3.1289,3.1385,0.0048,0.028632
rollin_justin__bread_0009__910004,rollin_justin,0,perturbation_rotate_z_180deg,2,2,object_yaw_rad,-1.4226,0.069205,-3.1289,3.1385,0.0048,0.028632
rollin_justin__bread_0010__910004,rollin_justin,1,perturbation_rotate_z_180deg,1,1,object_yaw_rad,-2.0656,0.068715,-3.1289,3.1385,0.0048,0.028632
rollin_justin__bread_0014__910004,rollin_justin,1,perturbation_rotate_z_180deg,2,2,object_yaw_rad,0.4679,0.074045,-3.1289,3.1385,0.0048,0.028632
rollin_justin__bread_0016__910004,rollin_justin,1,perturbation_rotate_z_180deg,1,1,object_yaw_rad,-1.1413,0.051174,-3.1289,3.1385,0.0048,0.028632
rollin_justin__bread_0018__910004,rollin_justin,0,perturbation_rotate_z_180deg,1,1,object_yaw_rad,-2.6693,0.04177,-3.1289,3.1385,0.0048,0.028632
stretch__bread_0001__910004,stretch,1,perturbation_rotate_z_180deg,2,2,object_yaw_rad,0.9639,0.032372,-3.1289,3.1385,0.0048,0.028632
stretch__bread_0004__910004,stretch,1,perturbation_rotate_z_180deg,3,3,object_yaw_rad,0.938,0.03094,-3.1289,3.1385,0.0048,0.028632
stretch__bread_0005__910004,stretch,1,perturbation_rotate_z_180deg,2,2,object_yaw_rad,2.944,0.019233,-3.1289,3.1385,0.0048,0.028632
stretch__bread_0007__910004,stretch,1,perturbation_rotate_z_180deg,2,2,object_yaw_rad,-1.9044,0.040935,-3.1289,3.1385,0.0048,0.028632
stretch__bread_0008__910004,stretch,1,perturbation_rotate_z_180deg,2,2,object_yaw_rad,-0.3485,0.075969,-3.1289,3.1385,0.0048,0.028632
stretch__bread_0009__910004,stretch,1,perturbation_rotate_z_180deg,2,2,object_yaw_rad,-1.4226,0.069205,-3.1289,3.1385,0.0048,0.028632
stretch__bread_0010__910004,stretch,1,perturbation_rotate_z_180deg,2,2,object_yaw_rad,-1.789,0.051159,-3.1289,3.1385,0.0048,0.028632
stretch__bread_0013__910004,stretch,1,perturbation_rotate_z_180deg,2,1,object_yaw_rad,-2.784,0.036575,-3.1289,3.1385,0.0048,0.028632
stretch__bread_0014__910004,stretch,1,perturbation_rotate_z_180deg,1,1,object_yaw_rad,2.8266,0.023185,-3.1289,3.1385,0.0048,0.028632
stretch__bread_0015__910004,stretch,1,perturbation_rotate_z_180deg,2,2,object_yaw_rad,0.4786,0.07374,-3.1289,3.1385,0.0048,0.028632
stretch__bread_0016__910004,stretch,1,perturbation_rotate_z_180deg,2,2,object_yaw_rad,-0.0054,0.030351,-3.1289,3.1385,0.0048,0.028632
stretch__bread_0017__910004,stretch,1,perturbation_rotate_z_180deg,2,2,object_yaw_rad,2.2103,0.027436,-3.1289,3.1385,0.0048,0.028632
stretch__bread_0018__910004,stretch,1,perturbation_rotate_z_180deg,1,1,object_yaw_rad,-2.6693,0.04177,-3.1289,3.1385,0.0048,0.028632
hsrb__bread_0001__910004,hsrb,1,perturbation_rotate_z_180deg,2,2,object_yaw_rad,0.9639,0.032372,-3.1289,3.1385,0.0048,0.028632
hsrb__bread_0002__910004,hsrb,1,perturbation_rotate_z_180deg,3,3,object_yaw_rad,1.6998,0.031902,-3.1289,3.1385,0.0048,0.028632
hsrb__bread_0003__910004,hsrb,1,perturbation_rotate_z_180deg,3,2,object_yaw_rad,1.6931,0.03119,-3.1289,3.1385,0.0048,0.028632
hsrb__bread_0004__910004,hsrb,1,perturbation_rotate_z_180deg,2,2,object_yaw_rad,0.7187,0.025976,-3.1289,3.1385,0.0048,0.028632
hsrb__bread_0005__910004,hsrb,1,perturbation_rotate_z_180deg,2,2,object_yaw_rad,2.944,0.019233,-3.1289,3.1385,0.0048,0.028632
hsrb__bread_0006__910004,hsrb,1,perturbation_rotate_z_180deg,2,2,object_yaw_rad,-0.6945,0.069496,-3.1289,3.1385,0.0048,0.028632
hsrb__bread_0007__910004,hsrb,1,perturbation_rotate_z_180deg,2,2,object_yaw_rad,-1.9044,0.040935,-3.1289,3.1385,0.0048,0.028632
hsrb__bread_0008__910004,hsrb,1,perturbation_rotate_z_180deg,2,2,object_yaw_rad,-0.3485,0.075969,-3.1289,3.1385,0.0048,0.028632
hsrb__bread_0009__910004,hsrb,1,perturbation_rotate_z_180deg,2,2,object_yaw_rad,-1.4226,0.069205,-3.1289,3.1385,0.0048,0.028632
hsrb__bread_0010__910004,hsrb,1,perturbation_rotate_z_180deg,2,1,object_yaw_rad,-2.0656,0.068715,-3.1289,3.1385,0.0048,0.028632
hsrb__bread_0012__910004,hsrb,1,perturbation_rotate_z_180deg,2,1,object_yaw_rad,1.1488,0.041838,-3.1289,3.1385,0.0048,0.028632
hsrb__bread_0013__910004,hsrb,1,perturbation_rotate_z_180deg,2,1,object_yaw_rad,-2.784,0.036575,-3.1289,3.1385,0.0048,0.028632
hsrb__bread_0014__910004,hsrb,1,perturbation_rotate_z_180deg,2,2,object_yaw_rad,0.4679,0.074045,-3.1289,3.1385,0.0048,0.028632
hsrb__bread_0015__910004,hsrb,1,perturbation_rotate_z_180deg,2,2,object_yaw_rad,0.4786,0.07374,-3.1289,3.1385,0.0048,0.028632
hsrb__bread_0016__910004,hsrb,1,perturbation_rotate_z_180deg,1,1,object_yaw_rad,-1.1413,0.051174,-3.1289,3.1385,0.0048,0.028632
hsrb__bread_0017__910004,hsrb,1,perturbation_rotate_z_180deg,1,1,object_yaw_rad,2.4158,0.024086,-3.1289,3.1385,0.0048,0.028632
hsrb__bread_0018__910004,hsrb,1,perturbation_rotate_z_180deg,1,1,object_yaw_rad,-2.6693,0.04177,-3.1289,3.1385,0.0048,0.028632
pr2__bread_0004__910004,pr2,1,perturbation_rotate_z_180deg,2,2,object_yaw_rad,0.7187,0.025976,-3.1289,3.1385,0.0048,0.028632
pr2__bread_0006__910004,pr2,1,perturbation_rotate_z_180deg,1,1,object_yaw_rad,-3.0511,0.023622,-3.1289,3.1385,0.0048,0.028632
pr2__bread_0007__910004,pr2,1,perturbation_rotate_z_180deg,2,1,object_yaw_rad,-1.5833,0.089089,-3.1289,3.1385,0.0048,0.028632
pr2__bread_0008__910004,pr2,1,perturbation_rotate_z_180deg,2,2,object_yaw_rad,-1.1339,0.051712,-3.1289,3.1385,0.0048,0.028632
pr2__bread_0009__910004,pr2,1,perturbation_rotate_z_180deg,2,2,object_yaw_rad,-1.4226,0.069205,-3.1289,3.1385,0.0048,0.028632
pr2__bread_0010__910004,pr2,1,perturbation_rotate_z_180deg,1,1,object_yaw_rad,-2.0656,0.068715,-3.1289,3.1385,0.0048,0.028632
pr2__bread_0018__910004,pr2,1,perturbation_rotate_z_180deg,1,1,object_yaw_rad,-2.6693,0.04177,-3.1289,3.1385,0.0048,0.028632
armar7__bread_0001__910004,armar7,1,perturbation_rotate_z_180deg,3,3,object_yaw_rad,0.9637,0.032358,-3.1289,3.1385,0.0048,0.028632
armar7__bread_0002__910004,armar7,1,perturbation_rotate_z_180deg,3,3,object_yaw_rad,1.6998,0.031902,-3.1289,3.1385,0.0048,0.028632
armar7__bread_0003__910004,armar7,1,perturbation_rotate_z_180deg,3,2,object_yaw_rad,1.6931,0.03119,-3.1289,3.1385,0.0048,0.028632
armar7__bread_0005__910004,armar7,1,perturbation_rotate_z_180deg,2,2,object_yaw_rad,2.944,0.019233,-3.1289,3.1385,0.0048,0.028632
armar7__bread_0006__910004,armar7,1,perturbation_rotate_z_180deg,2,2,object_yaw_rad,-0.6945,0.069496,-3.1289,3.1385,0.0048,0.028632
armar7__bread_0007__910004,armar7,1,perturbation_rotate_z_180deg,2,2,object_yaw_rad,-1.9044,0.040935,-3.1289,3.1385,0.0048,0.028632
armar7__bread_0008__910004,armar7,1,perturbation_rotate_z_180deg,2,2,object_yaw_rad,-0.3485,0.075969,-3.1289,3.1385,0.0048,0.028632
armar7__bread_0009__910004,armar7,1,perturbation_rotate_z_180deg,2,2,object_yaw_rad,-1.4226,0.069205,-3.1289,3.1385,0.0048,0.028632
armar7__bread_0010__910004,armar7,1,perturbation_rotate_z_180deg,2,1,object_yaw_rad,-2.0656,0.068715,-3.1289,3.1385,0.0048,0.028632
armar7__bread_0011__910004,armar7,1,perturbation_rotate_z_180deg,2,2,object_yaw_rad,-1.309,0.055211,-3.1289,3.1385,0.0048,0.028632
armar7__bread_0013__910004,armar7,1,perturbation_rotate_z_180deg,2,2,object_yaw_rad,-2.2177,0.083407,-3.1289,3.1385,0.0048,0.028632
armar7__bread_0014__910004,armar7,1,perturbation_rotate_z_180deg,2,2,object_yaw_rad,0.4679,0.074045,-3.1289,3.1385,0.0048,0.028632
armar7__bread_0015__910004,armar7,1,perturbation_rotate_z_180deg,2,2,object_yaw_rad,0.4786,0.07374,-3.1289,3.1385,0.0048,0.028632
armar7__bread_0016__910004,armar7,1,perturbation_rotate_z_180deg,1,1,object_yaw_rad,-1.1413,0.051174,-3.1289,3.1385,0.0048,0.028632
armar7__bread_0018__910004,armar7,1,perturbation_rotate_z_180deg,1,1,object_yaw_rad,-2.6693,0.04177,-3.1289,3.1385,0.0048,0.028632
unitree_g1__bread_0002__910004,unitree_g1,1,perturbation_rotate_z_180deg,2,2,object_yaw_rad,1.2618,0.041838,-3.1289,3.1385,0.0048,0.028632
unitree_g1__bread_0004__910004,unitree_g1,1,perturbation_rotate_z_180deg,2,2,object_yaw_rad,0.7187,0.025976,-3.1289,3.1385,0.0048,0.028632
unitree_g1__bread_0005__910004,unitree_g1,1,perturbation_rotate_z_180deg,2,1,object_yaw_rad,2.7727,0.024086,-3.1289,3.1385,0.0048,0.028632
unitree_g1__bread_0006__910004,unitree_g1,1,perturbation_rotate_z_180deg,2,2,object_yaw_rad,-0.6945,0.069496,-3.1289,3.1385,0.0048,0.028632
unitree_g1__bread_0007__910004,unitree_g1,1,perturbation_rotate_z_180deg,2,2,object_yaw_rad,-1.9044,0.040935,-3.1289,3.1385,0.0048,0.028632
unitree_g1__bread_0008__910004,unitree_g1,1,perturbation_rotate_z_180deg,2,2,object_yaw_rad,-0.3485,0.075969,-3.1289,3.1385,0.0048,0.028632
unitree_g1__bread_0009__910004,unitree_g1,1,perturbation_rotate_z_180deg,2,2,object_yaw_rad,-1.4226,0.069205,-3.1289,3.1385,0.0048,0.028632
unitree_g1__bread_0010__910004,unitree_g1,1,perturbation_rotate_z_180deg,2,1,object_yaw_rad,-2.0656,0.068715,-3.1289,3.1385,0.0048,0.028632
unitree_g1__bread_0011__910004,unitree_g1,0,perturbation_rotate_z_180deg,2,2,object_yaw_rad,-1.309,0.055211,-3.1289,3.1385,0.0048,0.028632
unitree_g1__bread_0014__910004,unitree_g1,1,perturbation_rotate_z_180deg,2,2,object_yaw_rad,0.4679,0.074045,-3.1289,3.1385,0.0048,0.028632
unitree_g1__bread_0018__910004,unitree_g1,1,perturbation_rotate_z_180deg,1,1,object_yaw_rad,-2.6693,0.04177,-3.1289,3.1385,0.0048,0.028632
tiago__bread_0003__910005,tiago,1,perturbation_rotate_z_180deg,3,3,object_yaw_rad,-0.2179,0.066323,-3.1289,3.1385,0.0048,0.028632
tiago__bread_0005__910005,tiago,1,perturbation_rotate_z_180deg,2,2,object_yaw_rad,1.8012,0.042734,-3.1289,3.1385,0.0048,0.028632
tiago__bread_0006__910005,tiago,1,perturbation_rotate_z_180deg,2,2,object_yaw_rad,0.8002,0.025294,-3.1289,3.1385,0.0048,0.028632
tiago__bread_0007__910005,tiago,1,perturbation_rotate_z_180deg,1,1,object_yaw_rad,1.0423,0.036692,-3.1289,3.1385,0.0048,0.028632
tiago__bread_0008__910005,tiago,1,perturbation_rotate_z_180deg,2,2,object_yaw_rad,-1.8492,0.041477,-3.1289,3.1385,0.0048,0.028632
tiago__bread_0009__910005,tiago,1,perturbation_rotate_z_180deg,2,2,object_yaw_rad,-1.5239,0.088855,-3.1289,3.1385,0.0048,0.028632
tiago__bread_0010__910005,tiago,1,perturbation_rotate_z_180deg,2,2,object_yaw_rad,-0.0877,0.044295,-3.1289,3.1385,0.0048,0.028632
tiago__bread_0011__910005,tiago,1,perturbation_rotate_z_180deg,2,1,object_yaw_rad,2.15,0.032491,-3.1289,3.1385,0.0048,0.028632
tiago__bread_0014__910005,tiago,0,perturbation_rotate_z_180deg,1,1,object_yaw_rad,-2.7223,0.036575,-3.1289,3.1385,0.0048,0.028632
tiago__bread_0015__910005,tiago,1,perturbation_rotate_z_180deg,1,1,object_yaw_rad,2.0292,0.042627,-3.1289,3.1385,0.0048,0.028632
tiago__bread_0017__910005,tiago,0,perturbation_rotate_z_180deg,2,1,object_yaw_rad,2.9938,0.017271,-3.1289,3.1385,0.0048,0.028632
tiago__bread_0018__910005,tiago,1,perturbation_rotate_z_180deg,1,1,object_yaw_rad,0.8727,0.027342,-3.1289,3.1385,0.0048,0.028632
tiago__bread_0019__910005,tiago,1,perturbation_rotate_z_180deg,2,2,object_yaw_rad,-2.0045,0.058181,-3.1289,3.1385,0.0048,0.028632
rollin_justin__bread_0008__910005,rollin_justin,0,perturbation_rotate_z_90deg,1,1,object_yaw_rad,2.8382,0.022887,-3.1289,3.1385,0.0048,0.028632
rollin_justin__bread_0009__910005,rollin_justin,0,perturbation_rotate_z_180deg,1,1,object_yaw_rad,-1.8647,0.041046,-3.1289,3.1385,0.0048,0.028632
rollin_justin__bread_0010__910005,rollin_justin,1,perturbation_rotate_z_180deg,2,2,object_yaw_rad,2.2685,0.024086,-3.1289,3.1385,0.0048,0.028632
rollin_justin__bread_0011__910005,rollin_justin,1,perturbation_rotate_z_180deg,2,2,object_yaw_rad,2.5555,0.024086,-3.1289,3.1385,0.0048,0.028632
rollin_justin__bread_0015__910005,rollin_justin,1,perturbation_rotate_z_180deg,1,1,object_yaw_rad,2.0292,0.042627,-3.1289,3.1385,0.0048,0.028632
rollin_justin__bread_0019__910005,rollin_justin,1,perturbation_rotate_z_180deg,2,1,object_yaw_rad,-2.4149,0.095356,-3.1289,3.1385,0.0048,0.028632
stretch__bread_0004__910005,stretch,1,perturbation_rotate_z_180deg,2,2,object_yaw_rad,-0.213,0.065488,-3.1289,3.1385,0.0048,0.028632
stretch__bread_0005__910005,stretch,1,perturbation_rotate_z_180deg,2,2,object_yaw_rad,1.8012,0.042734,-3.1289,3.1385,0.0048,0.028632
stretch__bread_0006__910005,stretch,1,perturbation_rotate_z_180deg,2,2,object_yaw_rad,0.8002,0.025294,-3.1289,3.1385,0.0048,0.028632
stretch__bread_0007__910005,stretch,1,perturbation_rotate_z_180deg,2,2,object_yaw_rad,1.8903,0.049251,-3.1289,3.1385,0.0048,0.028632
stretch__bread_0008__910005,stretch,1,perturbation_rotate_z_180deg,2,2,object_yaw_rad,-1.8492,0.041477,-3.1289,3.1385,0.0048,0.028632
stretch__bread_0009__910005,stretch,1,perturbation_rotate_z_180deg,2,2,object_yaw_rad,-1.5239,0.088855,-3.1289,3.1385,0.0048,0.028632
stretch__bread_0010__910005,stretch,1,perturbation_rotate_z_180deg,2,2,object_yaw_rad,-0.0877,0.044295,-3.1289,3.1385,0.0048,0.028632
stretch__bread_0011__910005,stretch,1,perturbation_rotate_z_180deg,2,2,object_yaw_rad,2.5555,0.024086,-3.1289,3.1385,0.0048,0.028632
stretch__bread_0013__910005,stretch,1,perturbation_rotate_z_180deg,1,1,object_yaw_rad,-1.3682,0.062376,-3.1289,3.1385,0.0048,0.028632
stretch__bread_0014__910005,stretch,1,perturbation_rotate_z_180deg,2,2,object_yaw_rad,-0.7795,0.059942,-3.1289,3.1385,0.0048,0.028632
stretch__bread_0015__910005,stretch,1,perturbation_rotate_z_180deg,2,2,object_yaw_rad,1.8974,0.049251,-3.1289,3.1385,0.0048,0.028632
stretch__bread_0016__910005,stretch,1,perturbation_rotate_z_180deg,2,2,object_yaw_rad,-0.4812,0.080828,-3.1289,3.1385,0.0048,0.028632
stretch__bread_0017__910005,stretch,1,perturbation_rotate_z_180deg,2,2,object_yaw_rad,0.3175,0.052927,-3.1289,3.1385,0.0048,0.028632
stretch__bread_0018__910005,stretch,1,perturbation_rotate_z_180deg,2,2,object_yaw_rad,1.4773,0.031874,-3.1289,3.1385,0.0048,0.028632
stretch__bread_0019__910005,stretch,1,perturbation_rotate_z_180deg,2,2,object_yaw_rad,-2.0045,0.058181,-3.1289,3.1385,0.0048,0.028632
hsrb__bread_0001__910005,hsrb,1,perturbation_rotate_z_180deg,3,3,object_yaw_rad,-0.6239,0.076995,-3.1289,3.1385,0.0048,0.028632
hsrb__bread_0002__910005,hsrb,1,perturbation_rotate_z_180deg,3,3,object_yaw_rad,0.0069,0.028282,-3.1289,3.1385,0.0048,0.028632
hsrb__bread_0003__910005,hsrb,1,perturbation_rotate_z_180deg,3,3,object_yaw_rad,-0.2179,0.066323,-3.1289,3.1385,0.0048,0.028632
hsrb__bread_0004__910005,hsrb,1,perturbation_rotate_z_180deg,2,2,object_yaw_rad,-0.213,0.065488,-3.1289,3.1385,0.0048,0.028632
hsrb__bread_0005__910005,hsrb,1,perturbation_rotate_z_180deg,1,1,object_yaw_rad,2.8894,0.02112,-3.1289,3.1385,0.0048,0.028632
hsrb__bread_0006__910005,hsrb,1,perturbation_rotate_z_180deg,2,2,object_yaw_rad,0.8002,0.025294,-3.1289,3.1385,0.0048,0.028632
hsrb__bread_0007__910005,hsrb,1,perturbation_rotate_z_180deg,1,1,object_yaw_rad,1.0423,0.036692,-3.1289,3.1385,0.0048,0.028632
hsrb__bread_0008__910005,hsrb,1,perturbation_rotate_z_180deg,2,1,object_yaw_rad,-1.8741,0.040783,-3.1289,3.1385,0.0048,0.028632
hsrb__bread_0009__910005,hsrb,1,perturbation_rotate_z_180deg,2,2,object_yaw_rad,-1.5239,0.088855,-3.1289,3.1385,0.0048,0.028632
hsrb__bread_0010__910005,hsrb,1,perturbation_rotate_z_180deg,2,2,object_yaw_rad,-0.0877,0.044295,-3.1289,3.1385,0.0048,0.028632
hsrb__bread_0011__910005,hsrb,1,perturbation_rotate_z_180deg,2,1,object_yaw_rad,2.15,0.032491,-3.1289,3.1385,0.0048,0.028632
hsrb__bread_0012__910005,hsrb,1,perturbation_rotate_z_180deg,2,2,object_yaw_rad,0.4038,0.070977,-3.1289,3.1385,0.0048,0.028632
hsrb__bread_0013__910005,hsrb,1,perturbation_rotate_z_180deg,2,2,object_yaw_rad,-1.3455,0.059624,-3.1289,3.1385,0.0048,0.028632
hsrb__bread_0014__910005,hsrb,1,perturbation_rotate_z_180deg,1,1,object_yaw_rad,-2.7223,0.036575,-3.1289,3.1385,0.0048,0.028632
hsrb__bread_0015__910005,hsrb,1,perturbation_rotate_z_180deg,1,1,object_yaw_rad,2.0292,0.042627,-3.1289,3.1385,0.0048,0.028632
hsrb__bread_0016__910005,hsrb,1,perturbation_rotate_z_180deg,2,1,object_yaw_rad,1.7754,0.039971,-3.1289,3.1385,0.0048,0.028632
hsrb__bread_0017__910005,hsrb,1,perturbation_rotate_z_180deg,2,1,object_yaw_rad,2.9938,0.017271,-3.1289,3.1385,0.0048,0.028632
hsrb__bread_0018__910005,hsrb,1,perturbation_rotate_z_180deg,1,1,object_yaw_rad,0.8727,0.027342,-3.1289,3.1385,0.0048,0.028632
hsrb__bread_0019__910005,hsrb,1,perturbation_rotate_z_180deg,2,2,object_yaw_rad,-2.0045,0.058181,-3.1289,3.1385,0.0048,0.028632
pr2__bread_0005__910005,pr2,1,perturbation_rotate_z_180deg,2,2,object_yaw_rad,1.8012,0.042734,-3.1289,3.1385,0.0048,0.028632
pr2__bread_0007__910005,pr2,1,perturbation_rotate_z_180deg,1,1,object_yaw_rad,1.0423,0.036692,-3.1289,3.1385,0.0048,0.028632
pr2__bread_0008__910005,pr2,1,perturbation_rotate_z_180deg,2,1,object_yaw_rad,-1.8741,0.040783,-3.1289,3.1385,0.0048,0.028632
pr2__bread_0009__910005,pr2,1,perturbation_rotate_z_180deg,2,2,object_yaw_rad,-1.5239,0.088855,-3.1289,3.1385,0.0048,0.028632
pr2__bread_0010__910005,pr2,1,perturbation_rotate_z_180deg,2,2,object_yaw_rad,-0.0877,0.044295,-3.1289,3.1385,0.0048,0.028632
pr2__bread_0011__910005,pr2,1,perturbation_rotate_z_180deg,2,2,object_yaw_rad,2.5555,0.024086,-3.1289,3.1385,0.0048,0.028632
pr2__bread_0014__910005,pr2,0,perturbation_rotate_z_180deg,1,1,object_yaw_rad,-2.7223,0.036575,-3.1289,3.1385,0.0048,0.028632
pr2__bread_0015__910005,pr2,1,perturbation_rotate_z_180deg,1,1,object_yaw_rad,2.0292,0.042627,-3.1289,3.1385,0.0048,0.028632
pr2__bread_0018__910005,pr2,1,perturbation_rotate_z_180deg,1,1,object_yaw_rad,0.8727,0.027342,-3.1289,3.1385,0.0048,0.028632
pr2__bread_0019__910005,pr2,1,perturbation_rotate_z_180deg,2,1,object_yaw_rad,-2.4149,0.095356,-3.1289,3.1385,0.0048,0.028632
armar7__bread_0001__910005,armar7,0,perturbation_rotate_z_180deg,3,3,object_yaw_rad,-0.6239,0.076995,-3.1289,3.1385,0.0048,0.028632
armar7__bread_0002__910005,armar7,1,perturbation_rotate_z_180deg,3,3,object_yaw_rad,0.0069,0.028282,-3.1289,3.1385,0.0048,0.028632
armar7__bread_0003__910005,armar7,1,perturbation_rotate_z_180deg,3,3,object_yaw_rad,-0.2179,0.066323,-3.1289,3.1385,0.0048,0.028632
armar7__bread_0004__910005,armar7,1,perturbation_rotate_z_180deg,2,2,object_yaw_rad,-0.213,0.065488,-3.1289,3.1385,0.0048,0.028632
armar7__bread_0005__910005,armar7,1,perturbation_rotate_z_180deg,2,2,object_yaw_rad,1.8012,0.042734,-3.1289,3.1385,0.0048,0.028632
armar7__bread_0007__910005,armar7,1,perturbation_rotate_z_180deg,2,2,object_yaw_rad,1.8903,0.049251,-3.1289,3.1385,0.0048,0.028632
armar7__bread_0008__910005,armar7,1,perturbation_rotate_z_180deg,2,2,object_yaw_rad,-1.8492,0.041477,-3.1289,3.1385,0.0048,0.028632
armar7__bread_0009__910005,armar7,1,perturbation_rotate_z_180deg,2,2,object_yaw_rad,-1.5239,0.088855,-3.1289,3.1385,0.0048,0.028632
armar7__bread_0010__910005,armar7,1,perturbation_rotate_z_180deg,2,2,object_yaw_rad,-0.0877,0.044295,-3.1289,3.1385,0.0048,0.028632
armar7__bread_0011__910005,armar7,1,perturbation_rotate_z_180deg,2,2,object_yaw_rad,2.5555,0.024086,-3.1289,3.1385,0.0048,0.028632
armar7__bread_0012__910005,armar7,0,perturbation_rotate_z_180deg,2,2,object_yaw_rad,0.4038,0.070977,-3.1289,3.1385,0.0048,0.028632
armar7__bread_0013__910005,armar7,1,perturbation_rotate_z_180deg,2,2,object_yaw_rad,-1.3455,0.059624,-3.1289,3.1385,0.0048,0.028632
armar7__bread_0014__910005,armar7,1,perturbation_rotate_z_180deg,1,1,object_yaw_rad,-2.7223,0.036575,-3.1289,3.1385,0.0048,0.028632
armar7__bread_0015__910005,armar7,1,perturbation_rotate_z_180deg,2,1,object_yaw_rad,2.0292,0.042627,-3.1289,3.1385,0.0048,0.028632
armar7__bread_0017__910005,armar7,1,perturbation_rotate_z_180deg,2,1,object_yaw_rad,2.9938,0.017271,-3.1289,3.1385,0.0048,0.028632
armar7__bread_0018__910005,armar7,1,perturbation_rotate_z_180deg,1,1,object_yaw_rad,0.8727,0.027342,-3.1289,3.1385,0.0048,0.028632
armar7__bread_0019__910005,armar7,1,perturbation_rotate_z_180deg,2,2,object_yaw_rad,-2.0045,0.058181,-3.1289,3.1385,0.0048,0.028632
unitree_g1__bread_0001__910005,unitree_g1,0,perturbation_rotate_z_180deg,3,3,object_yaw_rad,-0.6239,0.076995,-3.1289,3.1385,0.0048,0.028632
unitree_g1__bread_0002__910005,unitree_g1,0,perturbation_rotate_z_90deg,3,3,object_yaw_rad,-0.5167,0.08213,-3.1289,3.1385,0.0048,0.028632
unitree_g1__bread_0004__910005,unitree_g1,1,perturbation_rotate_z_180deg,2,2,object_yaw_rad,-0.213,0.065488,-3.1289,3.1385,0.0048,0.028632
unitree_g1__bread_0005__910005,unitree_g1,1,perturbation_rotate_z_180deg,1,1,object_yaw_rad,2.8894,0.02112,-3.1289,3.1385,0.0048,0.028632
unitree_g1__bread_0006__910005,unitree_g1,1,perturbation_rotate_z_180deg,2,2,object_yaw_rad,0.8002,0.025294,-3.1289,3.1385,0.0048,0.028632
unitree_g1__bread_0007__910005,unitree_g1,1,perturbation_rotate_z_180deg,1,1,object_yaw_rad,1.0423,0.036692,-3.1289,3.1385,0.0048,0.028632
unitree_g1__bread_0008__910005,unitree_g1,1,perturbation_rotate_z_180deg,2,2,object_yaw_rad,-1.8492,0.041477,-3.1289,3.1385,0.0048,0.028632
unitree_g1__bread_0009__910005,unitree_g1,1,perturbation_rotate_z_180deg,2,2,object_yaw_rad,-1.5239,0.088855,-3.1289,3.1385,0.0048,0.028632
unitree_g1__bread_0010__910005,unitree_g1,1,perturbation_rotate_z_180deg,2,2,object_yaw_rad,-0.0877,0.044295,-3.1289,3.1385,0.0048,0.028632
unitree_g1__bread_0011__910005,unitree_g1,1,perturbation_rotate_z_180deg,2,2,object_yaw_rad,2.5555,0.024086,-3.1289,3.1385,0.0048,0.028632
unitree_g1__bread_0012__910005,unitree_g1,0,perturbation_rotate_z_180deg,2,2,object_yaw_rad,0.4038,0.070977,-3.1289,3.1385,0.0048,0.028632
unitree_g1__bread_0014__910005,unitree_g1,0,perturbation_rotate_z_180deg,2,2,object_yaw_rad,-0.7795,0.059942,-3.1289,3.1385,0.0048,0.028632
unitree_g1__bread_0015__910005,unitree_g1,1,perturbation_rotate_z_180deg,1,1,object_yaw_rad,2.0292,0.042627,-3.1289,3.1385,0.0048,0.028632
unitree_g1__bread_0017__910005,unitree_g1,0,perturbation_rotate_z_180deg,2,1,object_yaw_rad,2.9938,0.017271,-3.1289,3.1385,0.0048,0.028632
unitree_g1__bread_0018__910005,unitree_g1,1,perturbation_rotate_z_180deg,1,1,object_yaw_rad,0.8727,0.027342,-3.1289,3.1385,0.0048,0.028632
unitree_g1__bread_0019__910005,unitree_g1,1,perturbation_rotate_z_180deg,2,2,object_yaw_rad,-2.0045,0.058181,-3.1289,3.1385,0.0048,0.028632
tiago__bread_0002__910001,tiago,1,perturbation_rotate_z_180deg,1,1,object_yaw_rad,-1.2746,0.051043,-3.1289,3.1385,0.0048,0.028632
rollin_justin__bread_0002__910001,rollin_justin,1,perturbation_rotate_z_180deg,1,1,object_yaw_rad,-1.2746,0.051043,-3.1289,3.1385,0.0048,0.028632
stretch__bread_0001__910001,stretch,0,perturbation_rotate_z_90deg,3,2,object_yaw_rad,-0.5621,0.081673,-3.1289,3.1385,0.0048,0.028632
stretch__bread_0002__910001,stretch,1,perturbation_rotate_z_180deg,2,2,object_yaw_rad,-0.6388,0.075746,-3.1289,3.1385,0.0048,0.028632
stretch__bread_0003__910001,stretch,1,perturbation_rotate_z_180deg,2,2,object_yaw_rad,-1.6931,0.070354,-3.1289,3.1385,0.0048,0.028632
stretch__bread_0004__910001,stretch,1,perturbation_rotate_z_180deg,2,2,object_yaw_rad,-1.2922,0.053177,-3.1289,3.1385,0.0048,0.028632
pr2__bread_0002__910001,pr2,1,perturbation_rotate_z_180deg,1,1,object_yaw_rad,-1.2746,0.051043,-3.1289,3.1385,0.0048,0.028632
armar7__bread_0002__910001,armar7,1,perturbation_rotate_z_180deg,2,2,object_yaw_rad,-0.6388,0.075746,-3.1289,3.1385,0.0048,0.028632
armar7__bread_0004__910001,armar7,0,perturbation_rotate_z_180deg,2,2,object_yaw_rad,-1.2922,0.053177,-3.1289,3.1385,0.0048,0.028632
unitree_g1__bread_0002__910001,unitree_g1,0,perturbation_rotate_z_90deg,3,1,object_yaw_rad,-1.2746,0.051043,-3.1289,3.1385,0.0048,0.028632
tiago__bread_0001__910002,tiago,0,perturbation_rotate_z_90deg,3,2,object_yaw_rad,0.546,0.061775,-3.1289,3.1385,0.0048,0.028632
rollin_justin__bread_0001__910002,rollin_justin,1,perturbation_rotate_z_180deg,2,2,object_yaw_rad,0.546,0.061775,-3.1289,3.1385,0.0048,0.028632
rollin_justin__bread_0002__910002,rollin_justin,1,perturbation_rotate_z_180deg,2,2,object_yaw_rad,1.4415,0.034815,-3.1289,3.1385,0.0048,0.028632
pr2__bread_0001__910002,pr2,0,perturbation_rotate_z_90deg,3,2,object_yaw_rad,0.546,0.061775,-3.1289,3.1385,0.0048,0.028632
armar7__bread_0001__910002,armar7,1,perturbation_rotate_z_180deg,2,2,object_yaw_rad,0.546,0.061775,-3.1289,3.1385,0.0048,0.028632
armar7__bread_0002__910002,armar7,1,perturbation_rotate_z_180deg,2,2,object_yaw_rad,1.4415,0.034815,-3.1289,3.1385,0.0048,0.028632
armar7__bread_0004__910002,armar7,1,perturbation_rotate_z_180deg,1,1,object_yaw_rad,3.136,0.006995,-3.1289,3.1385,0.0048,0.028632
unitree_g1__bread_0002__910002,unitree_g1,1,perturbation_rotate_z_180deg,2,2,object_yaw_rad,1.4415,0.034815,-3.1289,3.1385,0.0048,0.028632
tiago__bread_0002__910004,tiago,1,perturbation_rotate_z_180deg,2,2,object_yaw_rad,1.2111,0.041838,-3.1289,3.1385,0.0048,0.028632
rollin_justin__bread_0002__910004,rollin_justin,1,perturbation_rotate_z_180deg,2,1,object_yaw_rad,-0.1536,0.055446,-3.1289,3.1385,0.0048,0.028632
stretch__bread_0002__910004,stretch,1,perturbation_rotate_z_180deg,2,2,object_yaw_rad,1.2111,0.041838,-3.1289,3.1385,0.0048,0.028632
stretch__bread_0003__910004,stretch,1,perturbation_rotate_z_180deg,2,2,object_yaw_rad,2.1615,0.031529,-3.1289,3.1385,0.0048,0.028632
tiago__bread_0001__910005,tiago,1,perturbation_rotate_z_180deg,2,2,object_yaw_rad,0.3258,0.054662,-3.1289,3.1385,0.0048,0.028632
tiago__bread_0002__910005,tiago,0,perturbation_rotate_z_90deg,3,2,object_yaw_rad,0.4633,0.074172,-3.1289,3.1385,0.0048,0.028632
rollin_justin__bread_0001__910005,rollin_justin,1,perturbation_rotate_z_180deg,2,2,object_yaw_rad,0.3258,0.054662,-3.1289,3.1385,0.0048,0.028632
rollin_justin__bread_0002__910005,rollin_justin,0,perturbation_rotate_z_90deg,3,2,object_yaw_rad,0.4633,0.074172,-3.1289,3.1385,0.0048,0.028632
stretch__bread_0001__910005,stretch,0,perturbation_rotate_z_180deg,3,2,object_yaw_rad,0.3258,0.054662,-3.1289,3.1385,0.0048,0.028632
stretch__bread_0002__910005,stretch,0,perturbation_rotate_z_90deg,3,2,object_yaw_rad,0.4633,0.074172,-3.1289,3.1385,0.0048,0.028632
stretch__bread_0003__910005,stretch,1,perturbation_rotate_z_180deg,2,2,object_yaw_rad,-1.6798,0.072999,-3.1289,3.1385,0.0048,0.028632
pr2__bread_0001__910005,pr2,1,perturbation_rotate_z_180deg,2,2,object_yaw_rad,0.3258,0.054662,-3.1289,3.1385,0.0048,0.028632
tiago__bread_0003__910001,tiago,1,perturbation_rotate_z_180deg,1,1,object_yaw_rad,-3.1027,0.017339,-3.1289,3.1385,0.0048,0.028632
tiago__bread_0004__910001,tiago,1,perturbation_rotate_z_180deg,1,1,object_yaw_rad,-0.0058,0.030419,-3.1289,3.1385,0.0048,0.028632
tiago__bread_0008__910001,tiago,1,perturbation_rotate_z_180deg,1,1,object_yaw_rad,-0.2006,0.063401,-3.1289,3.1385,0.0048,0.028632
tiago__bread_0009__910001,tiago,0,perturbation_rotate_z_90deg,2,1,object_yaw_rad,0.5758,0.055592,-3.1289,3.1385,0.0048,0.028632
tiago__bread_0012__910001,tiago,1,perturbation_rotate_z_180deg,1,1,object_yaw_rad,1.0624,0.037803,-3.1289,3.1385,0.0048,0.028632
tiago__bread_0013__910001,tiago,1,perturbation_rotate_z_180deg,1,1,object_yaw_rad,1.3429,0.041838,-3.1289,3.1385,0.0048,0.028632
tiago__bread_0016__910001,tiago,1,perturbation_rotate_z_180deg,1,1,object_yaw_rad,0.8139,0.025294,-3.1289,3.1385,0.0048,0.028632
rollin_justin__bread_0001__910001,rollin_justin,0,perturbation_rotate_z_90deg,2,1,object_yaw_rad,1.7945,0.042015,-3.1289,3.1385,0.0048,0.028632
rollin_justin__bread_0004__910001,rollin_justin,1,perturbation_rotate_z_180deg,1,1,object_yaw_rad,-0.0058,0.030419,-3.1289,3.1385,0.0048,0.028632
rollin_justin__bread_0013__910001,rollin_justin,1,perturbation_rotate_z_180deg,1,1,object_yaw_rad,1.3429,0.041838,-3.1289,3.1385,0.0048,0.028632
stretch__bread_0013__910001,stretch,1,perturbation_rotate_z_180deg,1,1,object_yaw_rad,1.3429,0.041838,-3.1289,3.1385,0.0048,0.028632
stretch__bread_0014__910001,stretch,0,perturbation_rotate_z_90deg,2,1,object_yaw_rad,-1.439,0.072379,-3.1289,3.1385,0.0048,0.028632
stretch__bread_0016__910001,stretch,1,perturbation_rotate_z_180deg,1,1,object_yaw_rad,0.8139,0.025294,-3.1289,3.1385,0.0048,0.028632
hsrb__bread_0016__910001,hsrb,1,perturbation_rotate_z_180deg,1,1,object_yaw_rad,0.8139,0.025294,-3.1289,3.1385,0.0048,0.028632
pr2__bread_0001__910001,pr2,0,perturbation_rotate_z_90deg,2,1,object_yaw_rad,1.7945,0.042015,-3.1289,3.1385,0.0048,0.028632
pr2__bread_0004__910001,pr2,1,perturbation_rotate_z_180deg,1,1,object_yaw_rad,-0.0058,0.030419,-3.1289,3.1385,0.0048,0.028632
pr2__bread_0009__910001,pr2,1,perturbation_rotate_z_180deg,1,1,object_yaw_rad,0.5758,0.055592,-3.1289,3.1385,0.0048,0.028632
pr2__bread_0013__910001,pr2,1,perturbation_rotate_z_180deg,1,1,object_yaw_rad,1.3429,0.041838,-3.1289,3.1385,0.0048,0.028632
armar7__bread_0009__910001,armar7,0,perturbation_rotate_z_90deg,2,1,object_yaw_rad,0.5758,0.055592,-3.1289,3.1385,0.0048,0.028632
unitree_g1__bread_0001__910001,unitree_g1,0,perturbation_rotate_z_90deg,2,1,object_yaw_rad,1.7945,0.042015,-3.1289,3.1385,0.0048,0.028632
unitree_g1__bread_0009__910001,unitree_g1,0,perturbation_rotate_z_90deg,2,1,object_yaw_rad,0.5758,0.055592,-3.1289,3.1385,0.0048,0.028632
unitree_g1__bread_0012__910001,unitree_g1,1,perturbation_rotate_z_180deg,1,1,object_yaw_rad,1.0624,0.037803,-3.1289,3.1385,0.0048,0.028632
unitree_g1__bread_0013__910001,unitree_g1,1,perturbation_rotate_z_180deg,1,1,object_yaw_rad,1.3429,0.041838,-3.1289,3.1385,0.0048,0.028632
unitree_g1__bread_0016__910001,unitree_g1,1,perturbation_rotate_z_180deg,1,1,object_yaw_rad,0.8139,0.025294,-3.1289,3.1385,0.0048,0.028632
tiago__bread_0010__910002,tiago,1,perturbation_rotate_z_180deg,1,1,object_yaw_rad,1.2425,0.041838,-3.1289,3.1385,0.0048,0.028632
tiago__bread_0011__910002,tiago,1,perturbation_rotate_z_180deg,1,1,object_yaw_rad,-1.9342,0.04608,-3.1289,3.1385,0.0048,0.028632
tiago__bread_0016__910002,tiago,1,perturbation_rotate_z_180deg,1,1,object_yaw_rad,-2.8248,0.036575,-3.1289,3.1385,0.0048,0.028632
rollin_justin__bread_0007__910002,rollin_justin,1,perturbation_rotate_z_180deg,1,1,object_yaw_rad,-2.6296,0.050478,-3.1289,3.1385,0.0048,0.028632
rollin_justin__bread_0011__910002,rollin_justin,1,perturbation_rotate_z_180deg,1,1,object_yaw_rad,-1.9342,0.04608,-3.1289,3.1385,0.0048,0.028632
rollin_justin__bread_0012__910002,rollin_justin,1,perturbation_rotate_z_180deg,1,1,object_yaw_rad,0.8365,0.025346,-3.1289,3.1385,0.0048,0.028632
rollin_justin__bread_0013__910002,rollin_justin,1,perturbation_rotate_z_180deg,1,1,object_yaw_rad,-2.5096,0.079714,-3.1289,3.1385,0.0048,0.028632
rollin_justin__bread_0016__910002,rollin_justin,0,perturbation_rotate_z_180deg,1,1,object_yaw_rad,-2.8248,0.036575,-3.1289,3.1385,0.0048,0.028632
stretch__bread_0001__910002,stretch,0,perturbation_rotate_z_90deg,3,1,object_yaw_rad,2.9026,0.020664,-3.1289,3.1385,0.0048,0.028632
stretch__bread_0015__910002,stretch,1,perturbation_rotate_z_180deg,1,1,object_yaw_rad,-1.9884,0.05541,-3.1289,3.1385,0.0048,0.028632
stretch__bread_0016__910002,stretch,1,perturbation_rotate_z_180deg,1,1,object_yaw_rad,-2.8248,0.036575,-3.1289,3.1385,0.0048,0.028632
hsrb__bread_0016__910002,hsrb,1,perturbation_rotate_z_180deg,1,1,object_yaw_rad,-2.8248,0.036575,-3.1289,3.1385,0.0048,0.028632
pr2__bread_0002__910002,pr2,1,perturbation_rotate_z_180deg,1,1,object_yaw_rad,1.2787,0.041839,-3.1289,3.1385,0.0048,0.028632
pr2__bread_0003__910002,pr2,1,perturbation_rotate_z_180deg,1,1,object_yaw_rad,2.0221,0.043217,-3.1289,3.1385,0.0048,0.028632
pr2__bread_0007__910002,pr2,1,perturbation_rotate_z_180deg,1,1,object_yaw_rad,-2.6296,0.050478,-3.1289,3.1385,0.0048,0.028632
pr2__bread_0008__910002,pr2,1,perturbation_rotate_z_180deg,1,1,object_yaw_rad,-1.2079,0.046318,-3.1289,3.1385,0.0048,0.028632
pr2__bread_0009__910002,pr2,0,perturbation_rotate_z_90deg,2,1,object_yaw_rad,-0.4962,0.081378,-3.1289,3.1385,0.0048,0.028632
pr2__bread_0010__910002,pr2,1,perturbation_rotate_z_180deg,1,1,object_yaw_rad,1.2425,0.041838,-3.1289,3.1385,0.0048,0.028632
pr2__bread_0011__910002,pr2,1,perturbation_rotate_z_180deg,1,1,object_yaw_rad,-1.9342,0.04608,-3.1289,3.1385,0.0048,0.028632
pr2__bread_0012__910002,pr2,1,perturbation_rotate_z_180deg,1,1,object_yaw_rad,0.8365,0.025346,-3.1289,3.1385,0.0048,0.028632
pr2__bread_0016__910002,pr2,1,perturbation_rotate_z_180deg,1,1,object_yaw_rad,-2.8248,0.036575,-3.1289,3.1385,0.0048,0.028632
armar7__bread_0010__910002,armar7,0,perturbation_rotate_z_90deg,2,1,object_yaw_rad,1.2425,0.041838,-3.1289,3.1385,0.0048,0.028632
armar7__bread_0015__910002,armar7,0,perturbation_rotate_z_90deg,1,1,object_yaw_rad,2.724,0.024086,-3.1289,3.1385,0.0048,0.028632
armar7__bread_0016__910002,armar7,1,perturbation_rotate_z_180deg,1,1,object_yaw_rad,-2.8248,0.036575,-3.1289,3.1385,0.0048,0.028632
unitree_g1__bread_0004__910002,unitree_g1,1,perturbation_rotate_z_180deg,1,1,object_yaw_rad,-2.7067,0.036575,-3.1289,3.1385,0.0048,0.028632
unitree_g1__bread_0010__910002,unitree_g1,1,perturbation_rotate_z_180deg,1,1,object_yaw_rad,1.2425,0.041838,-3.1289,3.1385,0.0048,0.028632
unitree_g1__bread_0011__910002,unitree_g1,1,perturbation_rotate_z_180deg,1,1,object_yaw_rad,-1.9342,0.04608,-3.1289,3.1385,0.0048,0.028632
unitree_g1__bread_0016__910002,unitree_g1,1,perturbation_rotate_z_180deg,1,1,object_yaw_rad,-2.8248,0.036575,-3.1289,3.1385,0.0048,0.028632
tiago__bread_0001__910003,tiago,1,perturbation_rotate_z_180deg,1,1,object_yaw_rad,-0.1375,0.052711,-3.1289,3.1385,0.0048,0.028632
tiago__bread_0002__910003,tiago,1,perturbation_rotate_z_180deg,1,1,object_yaw_rad,-2.3537,0.095759,-3.1289,3.1385,0.0048,0.028632
rollin_justin__bread_0001__910003,rollin_justin,1,perturbation_rotate_z_180deg,1,1,object_yaw_rad,-0.1375,0.052711,-3.1289,3.1385,0.0048,0.028632
rollin_justin__bread_0002__910003,rollin_justin,0,perturbation_rotate_z_180deg,1,1,object_yaw_rad,-2.3537,0.095759,-3.1289,3.1385,0.0048,0.028632
rollin_justin__bread_0003__910003,rollin_justin,1,perturbation_rotate_z_180deg,1,1,object_yaw_rad,1.5034,0.029732,-3.1289,3.1385,0.0048,0.028632
stretch__bread_0014__910003,stretch,1,perturbation_rotate_z_180deg,1,1,object_yaw_rad,2.0222,0.043212,-3.1289,3.1385,0.0048,0.028632
pr2__bread_0001__910003,pr2,1,perturbation_rotate_z_180deg,1,1,object_yaw_rad,-0.1375,0.052711,-3.1289,3.1385,0.0048,0.028632
pr2__bread_0002__910003,pr2,1,perturbation_rotate_z_180deg,1,1,object_yaw_rad,-2.3537,0.095759,-3.1289,3.1385,0.0048,0.028632
pr2__bread_0014__910003,pr2,1,perturbation_rotate_z_180deg,1,1,object_yaw_rad,2.0222,0.043212,-3.1289,3.1385,0.0048,0.028632
armar7__bread_0001__910003,armar7,1,perturbation_rotate_z_180deg,1,1,object_yaw_rad,-0.1375,0.052711,-3.1289,3.1385,0.0048,0.028632
armar7__bread_0005__910003,armar7,1,perturbation_rotate_z_180deg,1,1,object_yaw_rad,3.0619,0.011803,-3.1289,3.1385,0.0048,0.028632
unitree_g1__bread_0002__910003,unitree_g1,1,perturbation_rotate_z_180deg,1,1,object_yaw_rad,-2.3537,0.095759,-3.1289,3.1385,0.0048,0.028632
unitree_g1__bread_0014__910003,unitree_g1,1,perturbation_rotate_z_180deg,1,1,object_yaw_rad,2.0222,0.043212,-3.1289,3.1385,0.0048,0.028632
tiago__bread_0001__910004,tiago,1,perturbation_rotate_z_180deg,1,1,object_yaw_rad,-0.6069,0.078283,-3.1289,3.1385,0.0048,0.028632
tiago__bread_0015__910004,tiago,0,perturbation_rotate_z_90deg,2,1,object_yaw_rad,-0.8099,0.056527,-3.1289,3.1385,0.0048,0.028632
rollin_justin__bread_0001__910004,rollin_justin,1,perturbation_rotate_z_180deg,1,1,object_yaw_rad,-0.6069,0.078283,-3.1289,3.1385,0.0048,0.028632
rollin_justin__bread_0003__910004,rollin_justin,0,perturbation_rotate_z_180deg,1,1,object_yaw_rad,1.5394,0.026774,-3.1289,3.1385,0.0048,0.028632
rollin_justin__bread_0004__910004,rollin_justin,0,perturbation_rotate_z_180deg,1,1,object_yaw_rad,-0.6952,0.069413,-3.1289,3.1385,0.0048,0.028632
rollin_justin__bread_0011__910004,rollin_justin,1,perturbation_rotate_z_180deg,1,1,object_yaw_rad,-1.2205,0.045399,-3.1289,3.1385,0.0048,0.028632
rollin_justin__bread_0015__910004,rollin_justin,1,perturbation_rotate_z_180deg,1,1,object_yaw_rad,-0.8099,0.056527,-3.1289,3.1385,0.0048,0.028632
stretch__bread_0011__910004,stretch,1,perturbation_rotate_z_180deg,1,1,object_yaw_rad,-1.2205,0.045399,-3.1289,3.1385,0.0048,0.028632
stretch__bread_0012__910004,stretch,1,perturbation_rotate_z_180deg,1,1,object_yaw_rad,-1.2008,0.046831,-3.1289,3.1385,0.0048,0.028632
hsrb__bread_0011__910004,hsrb,1,perturbation_rotate_z_180deg,1,1,object_yaw_rad,-1.2205,0.045399,-3.1289,3.1385,0.0048,0.028632
pr2__bread_0001__910004,pr2,0,perturbation_rotate_z_90deg,2,1,object_yaw_rad,-0.6069,0.078283,-3.1289,3.1385,0.0048,0.028632
pr2__bread_0003__910004,pr2,1,perturbation_rotate_z_180deg,1,1,object_yaw_rad,1.5394,0.026774,-3.1289,3.1385,0.0048,0.028632
pr2__bread_0005__910004,pr2,0,perturbation_rotate_z_180deg,1,1,object_yaw_rad,3.1153,0.008131,-3.1289,3.1385,0.0048,0.028632
pr2__bread_0011__910004,pr2,1,perturbation_rotate_z_180deg,1,1,object_yaw_rad,-1.2205,0.045399,-3.1289,3.1385,0.0048,0.028632
pr2__bread_0014__910004,pr2,1,perturbation_rotate_z_180deg,1,1,object_yaw_rad,-1.8908,0.04032,-3.1289,3.1385,0.0048,0.028632
pr2__bread_0015__910004,pr2,1,perturbation_rotate_z_180deg,1,1,object_yaw_rad,-0.8099,0.056527,-3.1289,3.1385,0.0048,0.028632
armar7__bread_0004__910004,armar7,1,perturbation_rotate_z_180deg,1,1,object_yaw_rad,-0.6952,0.069413,-3.1289,3.1385,0.0048,0.028632
armar7__bread_0012__910004,armar7,1,perturbation_rotate_z_180deg,1,1,object_yaw_rad,-1.2008,0.046831,-3.1289,3.1385,0.0048,0.028632
unitree_g1__bread_0001__910004,unitree_g1,0,perturbation_rotate_z_90deg,2,1,object_yaw_rad,-0.6069,0.078283,-3.1289,3.1385,0.0048,0.028632
unitree_g1__bread_0003__910004,unitree_g1,0,perturbation_rotate_z_90deg,2,1,object_yaw_rad,1.5394,0.026774,-3.1289,3.1385,0.0048,0.028632
unitree_g1__bread_0015__910004,unitree_g1,0,perturbation_rotate_z_90deg,2,1,object_yaw_rad,-0.8099,0.056527,-3.1289,3.1385,0.0048,0.028632
tiago__bread_0004__910005,tiago,1,perturbation_rotate_z_180deg,1,1,object_yaw_rad,2.3049,0.024086,-3.1289,3.1385,0.0048,0.028632
tiago__bread_0012__910005,tiago,1,perturbation_rotate_z_180deg,1,1,object_yaw_rad,0.4013,0.070463,-3.1289,3.1385,0.0048,0.028632
tiago__bread_0013__910005,tiago,1,perturbation_rotate_z_180deg,1,1,object_yaw_rad,-1.3228,0.056872,-3.1289,3.1385,0.0048,0.028632
rollin_justin__bread_0006__910005,rollin_justin,0,perturbation_rotate_z_180deg,1,1,object_yaw_rad,2.7322,0.024086,-3.1289,3.1385,0.0048,0.028632
rollin_justin__bread_0012__910005,rollin_justin,1,perturbation_rotate_z_180deg,1,1,object_yaw_rad,0.4013,0.070463,-3.1289,3.1385,0.0048,0.028632
stretch__bread_0012__910005,stretch,0,perturbation_rotate_z_180deg,2,1,object_yaw_rad,0.4013,0.070463,-3.1289,3.1385,0.0048,0.028632
pr2__bread_0002__910005,pr2,0,perturbation_rotate_z_90deg,2,1,object_yaw_rad,-0.2078,0.06461,-3.1289,3.1385,0.0048,0.028632
pr2__bread_0003__910005,pr2,1,perturbation_rotate_z_180deg,1,1,object_yaw_rad,-0.4356,0.079158,-3.1289,3.1385,0.0048,0.028632
pr2__bread_0004__910005,pr2,1,perturbation_rotate_z_180deg,1,1,object_yaw_rad,2.3049,0.024086,-3.1289,3.1385,0.0048,0.028632
pr2__bread_0006__910005,pr2,0,perturbation_rotate_z_90deg,2,1,object_yaw_rad,2.7322,0.024086,-3.1289,3.1385,0.0048,0.028632
pr2__bread_0012__910005,pr2,1,perturbation_rotate_z_180deg,1,1,object_yaw_rad,0.4013,0.070463,-3.1289,3.1385,0.0048,0.028632
pr2__bread_0016__910005,pr2,1,perturbation_rotate_z_180deg,1,1,object_yaw_rad,-2.7378,0.036575,-3.1289,3.1385,0.0048,0.028632
armar7__bread_0006__910005,armar7,1,perturbation_rotate_z_180deg,1,1,object_yaw_rad,2.7322,0.024086,-3.1289,3.1385,0.0048,0.028632
armar7__bread_0016__910005,armar7,0,perturbation_rotate_z_90deg,2,1,object_yaw_rad,-2.7378,0.036575,-3.1289,3.1385,0.0048,0.028632
unitree_g1__bread_0003__910005,unitree_g1,1,perturbation_rotate_z_180deg,1,1,object_yaw_rad,-0.4356,0.079158,-3.1289,3.1385,0.0048,0.028632
unitree_g1__bread_0013__910005,unitree_g1,1,perturbation_rotate_z_180deg,1,1,object_yaw_rad,-1.3228,0.056872,-3.1289,3.1385,0.0048,0.028632
